OBJECTID,Species,Count,Repeat Observation,Substrate,Sex,Breeding Activity,Observation Notes,Water Level,Observers,Starting Time,Ending Time,Starting Temp (F),Starting % Cloud Cover,Starting Cloud Height,Starting Wind Speed,Starting Wind Direction,Starting Rain,Ending Temp (F),Ending % Cloud Cover,Ending Cloud Height,Ending Wind Speed,Ending Wind Direction,Ending Rain,Weather Note,GlobalID,Speed (km/h),Direction of travel (°),Compass reading (°),Position source type,Receiver Name,Horizontal Accuracy (m),Vertical Accuracy (m),Latitude,Longitude,Altitude,PDOP,HDOP,VDOP,Fix Type,Correction Age,CreationDate,Creator,EditDate,Editor,Station ID,Number of Satellites,Fix Time,Average Horizontal Accuracy (m),Average Vertical Accuracy (m),Averaged Positions,Standard Deviation (m),x,y
1,Killdeer,41,No,Bare ground,,,,67,ethan,738,,49,15,High,None,,,,,,,,,,9f83ba92-5ee0-4db6-bddc-3eaf651e2255,,,,,,,,,,,,,,,,12/6/2022 3:41:36 PM,ccber_user,12/6/2022 3:41:36 PM,ccber_user,,,,,,,,-119.875354792822,34.4194161335155
2,Anna's Hummingbird,2,No,Vegetation - Tree,,,,,,,,,,,,,,,,,,,,,cdad4b56-1aaf-4578-a58c-d3484511dba9,,,,,,,,,,,,,,,,12/6/2022 3:46:38 PM,ccber_user,12/6/2022 3:48:05 PM,ccber_user,,,,,,,,-119.87673861428,34.417713625604
3,Ruby-crowned Kinglet,2,No,Vegetation - Tree,,,,,,,,,,,,,,,,,,,,,2095de90-77a8-4839-bebe-cf7e1b46aa7a,,,,,,,,,,,,,,,,12/6/2022 3:47:57 PM,ccber_user,12/6/2022 3:47:57 PM,ccber_user,,,,,,,,-119.876588168029,34.4178440919625
4,White-crowned Sparrow,1,No,Vegetation - Tree,,,,,,,,,,,,,,,,,,,,,7e452160-15a5-4728-9cf1-27c070e1474b,,,,,,,,,,,,,,,,12/6/2022 3:48:52 PM,ccber_user,12/6/2022 3:48:52 PM,ccber_user,,,,,,,,-119.876501235364,34.4178665281094
5,Greater Yellowlegs,1,No,Water - Wading,,,,,,,,,,,,,,,,,,,,,fd319962-9f4f-4606-bdfa-8895674d0186,,,,,,,,,,,,,,,,12/6/2022 3:51:01 PM,ccber_user,12/6/2022 3:51:01 PM,ccber_user,,,,,,,,-119.875352387134,34.4187284262647
6,Common Yellowthroat,1,No,,,,heard onlyv,,,,,,,,,,,,,,,,,,d3328621-323f-4631-86e2-70103ab17366,,,,,Samsung SM-T713,3.76,3.76,34.4181473833333,-119.876771366667,-32.3,1.1,0.8,0.8,1,,12/6/2022 3:51:50 PM,ccber_user,12/6/2022 3:51:50 PM,ccber_user,,13,12/6/2022 3:51:14 PM,,,,,-119.876771366855,34.4181473833119
7,House Finch,1,No,Vegetation - Shrub,,,,,,,,,,,,,,,,,,,,,aa0c6c64-6295-4243-af9b-40e77386c48c,,,,,,,,,,,,,,,,12/6/2022 3:52:53 PM,ccber_user,12/6/2022 3:52:53 PM,ccber_user,,,,,,,,-119.876877880098,34.4183242616911
8,White-crowned Sparrow,4,No,Vegetation - Shrub,,,,,,,,,,,,,,,,,,,,,4b773876-152a-45cf-9f9e-a1a9f1219b24,,,,,,,,,,,,,,,,12/6/2022 3:53:14 PM,ccber_user,12/6/2022 3:53:14 PM,ccber_user,,,,,,,,-119.876522709591,34.418561449137
9,House Finch,2,No,Air,,,,,,,,,,,,,,,,,,,,,25dfaa66-f16d-4a70-95d4-28dbfbd103df,,,,,,,,,,,,,,,,12/6/2022 3:53:56 PM,ccber_user,12/6/2022 3:53:56 PM,ccber_user,,,,,,,,-119.876518030267,34.4185083715849
10,Song Sparrow,1,No,Vegetation - Shrub,,,,,,,,,,,,,,,,,,,,,b301f041-2faa-4d91-b904-61fd9b3473b2,,,,,,,,,,,,,,,,12/6/2022 3:54:26 PM,ccber_user,12/6/2022 3:54:26 PM,ccber_user,,,,,,,,-119.876511802247,34.4184565241397
11,Cassin's Kingbird,1,No,Vegetation - Shrub,,,,,,,,,,,,,,,,,,,,,608883ed-26a1-494a-b18e-c85cef9b9f9f,,,,,,,,,,,,,,,,12/6/2022 3:55:34 PM,ccber_user,12/6/2022 3:55:34 PM,ccber_user,,,,,,,,-119.877541959672,34.4190280744011
12,Savannah Sparrow,6,No,Vegetation - Shrub,,,,,,,,,,,,,,,,,,,,,a3008a26-da86-4dab-a6ba-27d7b0af0bd3,,,,,,,,,,,,,,,,12/6/2022 3:55:59 PM,ccber_user,12/6/2022 3:55:59 PM,ccber_user,,,,,,,,-119.876913107532,34.4186225410799
13,Savannah Sparrow,1,No,Vegetation - Herbaceous,,,,,,,,,,,,,,,,,,,,,f5131d25-fdd4-4653-91d8-7716a14f7275,,,,,,,,,,,,,,,,12/6/2022 3:57:11 PM,ccber_user,12/6/2022 3:57:11 PM,ccber_user,,,,,,,,-119.877109133402,34.4184642332673
14,California Towhee,1,No,Vegetation - Herbaceous,,,,,,,,,,,,,,,,,,,,,63e1a71e-fc7c-45ad-980b-22f0af47172f,,,,,,,,,,,,,,,,12/6/2022 4:02:01 PM,ccber_user,12/6/2022 4:02:01 PM,ccber_user,,,,,,,,-119.878445279471,34.4180390837842
15,Wrentit,1,No,Vegetation - Herbaceous,,,,,,,,,,,,,,,,,,,,,3390f364-3850-44cb-8bf9-2d4a92922c2f,,,,,,,,,,,,,,,,12/6/2022 4:03:14 PM,ccber_user,12/6/2022 4:03:14 PM,ccber_user,,,,,,,,-119.879006943017,34.4179928421115
16,Yellow-rumped Warbler,1,No,Vegetation - Herbaceous,,,,,,,,,,,,,,,,,,,,,777c785d-b89c-41a7-9e77-0f3e6c35cc0a,,,,,,,,,,,,,,,,12/6/2022 4:05:18 PM,ccber_user,12/6/2022 4:05:18 PM,ccber_user,,,,,,,,-119.879254080332,34.4183398252158
17,Savannah Sparrow,2,No,Vegetation - Herbaceous,,,,,,,,,,,,,,,,,,,,,62c11e9e-4785-487d-8f84-967276782dc0,,,,,,,,,,,,,,,,12/6/2022 4:06:58 PM,ccber_user,12/6/2022 4:06:58 PM,ccber_user,,,,,,,,-119.879415224619,34.418625204403
18,Common Yellowthroat,1,No,,,,heard only,,,,,,,,,,,,,,,,,,9fc79f2e-8252-4686-b575-73f2d4861b3a,,,,,,,,,,,,,,,,12/6/2022 4:07:30 PM,ccber_user,12/6/2022 4:07:30 PM,ccber_user,,,,,,,,-119.879863175824,34.4183471430801
19,Savannah Sparrow,8,No,Vegetation - Herbaceous,,,,,,,,,,,,,,,,,,,,,ceb8dac5-72e3-4339-8481-e78d164afbe3,,,,,,,,,,,,,,,,12/6/2022 4:08:36 PM,ccber_user,12/6/2022 4:09:26 PM,ccber_user,,,,,,,,-119.879915152346,34.4191553092463
20,Savannah Sparrow,4,No,Vegetation - Herbaceous,,,,,,,,,,,,,,,,,,,,,7e5f92f6-fdc3-4ee8-9b9d-e8eddcaf78c0,,,,,,,,,,,,,,,,12/6/2022 4:12:53 PM,ccber_user,12/6/2022 4:12:53 PM,ccber_user,,,,,,,,-119.881012609756,34.419238352634
21,Western Meadowlark,1,No,Fence,,,,,,,,,,,,,,,,,,,,,41c5438b-1e04-4514-abe9-c37ca33033ac,,,,,,,,,,,,,,,,12/6/2022 4:13:05 PM,ccber_user,12/6/2022 4:13:05 PM,ccber_user,,,,,,,,-119.88115384019,34.4193873352125
22,American Pipit,5,No,Other,,,rock ,,,,,,,,,,,,,,,,,,5741ec2f-cf8e-4201-aa79-fb3f974b936a,,,,,,,,,,,,,,,,12/6/2022 4:14:24 PM,ccber_user,12/6/2022 4:14:24 PM,ccber_user,,,,,,,,-119.881371438203,34.4192865581181
23,Anna's Hummingbird,1,No,Vegetation - Shrub,,,,,,,,,,,,,,,,,,,,,fc9f97cf-7084-41de-bca9-5176d745aa3b,,,,,,,,,,,,,,,,12/6/2022 4:16:16 PM,ccber_user,12/6/2022 4:16:16 PM,ccber_user,,,,,,,,-119.880768714461,34.4197160941284
24,Western Meadowlark,1,No,Vegetation - Herbaceous,,,,,,,,,,,,,,,,,,,,,fde3f9f1-7f5f-48cd-afc6-cc6d6d377678,,,,,Samsung SM-T713,3.29,3.29,34.4193317166667,-119.8808392,-27.9,1,0.7,0.7,1,,12/6/2022 4:16:30 PM,ccber_user,12/6/2022 4:16:30 PM,ccber_user,,14,12/6/2022 4:16:13 PM,,,,,-119.880839199871,34.4193317164148
25,Savannah Sparrow,6,No,Fence,,,,,,,,,,,,,,,,,,,,,632a1ce1-dfd0-4b02-8423-f6eff9fb196c,,,,,,,,,,,,,,,,12/6/2022 4:16:54 PM,ccber_user,12/6/2022 4:16:54 PM,ccber_user,,,,,,,,-119.881438737289,34.4191142473386
26,Blue-gray Gnatcatcher,1,No,Vegetation - Shrub,,,,,,,,,,,,,,,,,,,,,b7a07d33-0e90-41d8-ad23-ba503f06faf4,,,,,,,,,,,,,,,,12/6/2022 4:17:11 PM,ccber_user,12/6/2022 4:24:56 PM,ccber_user,,,,,,,,-119.880608653542,34.4197468004886
27,Western Meadowlark,14,No,Vegetation - Herbaceous,,,,,,,,,,,,,,,,,,,,,e0562711-fee9-4ef3-9ce3-4a51b848c669,,,,,,,,,,,,,,,,12/6/2022 4:18:04 PM,ccber_user,12/6/2022 4:18:04 PM,ccber_user,,,,,,,,-119.880911481912,34.4195444615436
28,Lesser Goldfinch,1,No,Vegetation - Herbaceous,,,,,,,,,,,,,,,,,,,,,929cd889-d719-4eb5-92c8-8057a3982d44,,,,,,,,,,,,,,,,12/6/2022 4:18:39 PM,ccber_user,12/6/2022 4:18:39 PM,ccber_user,,,,,,,,-119.880986656529,34.4195543840539
29,Bewick's Wren,1,No,,,,heard only,,,,,,,,,,,,,,,,,,06bf8c5a-cd5f-49b4-9876-a942af16aadb,,,,,,,,,,,,,,,,12/6/2022 4:19:05 PM,ccber_user,12/6/2022 4:19:05 PM,ccber_user,,,,,,,,-119.880888929707,34.4192095898398
30,Red-winged Blackbird,2,No,Flyover,,,,,,,,,,,,,,,,,,,,,e274bc99-70f8-438b-8e92-ee2e621527ee,,,,,,,,,,,,,,,,12/6/2022 4:21:40 PM,ccber_user,12/6/2022 4:21:40 PM,ccber_user,,,,,,,,-119.880617510032,34.4196921097091
31,,1,No,Flyover,,,horned lark,,,,,,,,,,,,,,,,,,f053d2b0-8b1e-4aee-9a43-44c32eca503e,,,,,,,,,,,,,,,,12/6/2022 4:23:42 PM,ccber_user,12/6/2022 4:23:42 PM,ccber_user,,,,,,,,-119.880461146579,34.41967444263
32,Yellow-rumped Warbler,6,No,Vegetation - Shrub,,,,,,,,,,,,,,,,,,,,,3365bdf3-f74c-4144-bf43-cfde08009bcb,,,,,,,,,,,,,,,,12/6/2022 4:24:35 PM,ccber_user,12/6/2022 4:25:06 PM,ccber_user,,,,,,,,-119.880442934135,34.419743193861
33,House Finch,2,No,Vegetation - Tree,,,,,,,,,,,,,,,,,,,,,58b69b87-3d35-4657-8c1e-d415c1b9626c,,,,,,,,,,,,,,,,12/6/2022 4:25:33 PM,ccber_user,12/6/2022 4:25:33 PM,ccber_user,,,,,,,,-119.880272224587,34.4197541367557
34,Savannah Sparrow,1,No,Vegetation - Shrub,,,,,,,,,,,,,,,,,,,,,c97e8592-ed91-40f9-a9e1-f22fc6dedfcb,,,,,,,,,,,,,,,,12/6/2022 4:27:35 PM,ccber_user,12/6/2022 4:27:35 PM,ccber_user,,,,,,,,-119.878940179327,34.4195959022251
35,Anna's Hummingbird,2,No,Air,,,,,,,,,,,,,,,,,,,,,e7c16ded-0653-4720-be6c-5f3a9253cfb5,,,,,,,,,,,,,,,,12/6/2022 4:27:50 PM,ccber_user,12/6/2022 4:27:50 PM,ccber_user,,,,,,,,-119.879373230176,34.4197781811812
36,Yellow-rumped Warbler,1,No,Vegetation - Herbaceous,,,,,,,,,,,,,,,,,,,,,d646bcf1-8496-46d8-8525-51168be36616,,,,,,,,,,,,,,,,12/6/2022 4:29:15 PM,ccber_user,12/6/2022 4:29:15 PM,ccber_user,,,,,,,,-119.878868347342,34.4194764274754
37,Savannah Sparrow,20,No,Vegetation - Herbaceous,,,,,,,,,,,,,,,,,,,,,e4162537-1580-43df-a5e0-64f10b8c3462,,,,,,,,,,,,,,,,12/6/2022 4:30:10 PM,ccber_user,12/6/2022 4:30:10 PM,ccber_user,,,,,,,,-119.878746358821,34.4192164874572
38,Black Phoebe,1,No,Fence,,,,,,,,,,,,,,,,,,,,,02545958-02fc-4aca-920a-a8459f7fc0a6,,,,,,,,,,,,,,,,12/6/2022 4:32:10 PM,ccber_user,12/6/2022 4:32:10 PM,ccber_user,,,,,,,,-119.87833599223,34.4196418117674
39,Savannah Sparrow,3,No,Vegetation - Shrub,,,,,,,,,,,,,,,,,,,,,63a607bc-b339-425f-9f98-b26f9dcdb106,,,,,,,,,,,,,,,,12/6/2022 4:33:02 PM,ccber_user,12/6/2022 4:33:02 PM,ccber_user,,,,,,,,-119.878513313379,34.419431662008
40,Savannah Sparrow,5,No,Vegetation - Shrub,,,,,,,,,,,,,,,,,,,,,c440656b-0203-4d7b-b3ad-77e76452edc0,,,,,,,,,,,,,,,,12/6/2022 4:33:18 PM,ccber_user,12/6/2022 4:33:18 PM,ccber_user,,,,,,,,-119.878553035982,34.4193344501142
41,White-crowned Sparrow,5,No,Vegetation - Shrub,,,,,,,,,,,,,,,,,,,,,05bc844f-6cba-464e-a23b-433db401c85a,,,,,,,,,,,,,,,,12/6/2022 4:33:57 PM,ccber_user,12/6/2022 4:34:09 PM,ccber_user,,,,,,,,-119.878321321843,34.4193942795008
42,Anna's Hummingbird,1,No,Vegetation - Shrub,,,,,,,,,,,,,,,,,,,,,e8f3fe55-11bb-4fe3-8eea-71672660df9c,,,,,,,,,,,,,,,,12/6/2022 4:34:54 PM,ccber_user,12/6/2022 4:34:54 PM,ccber_user,,,,,,,,-119.878535075067,34.4193584783575
43,House Finch,2,No,Vegetation - Tree,,,,,,,,,,,,,,,,,,,,,e8a61111-2954-4f93-87c7-33a25840c701,,,,,,,,,,,,,,,,12/6/2022 4:35:13 PM,ccber_user,12/6/2022 4:35:13 PM,ccber_user,,,,,,,,-119.879268213526,34.4196583472885
44,White-crowned Sparrow,6,No,Vegetation - Herbaceous,,,,,,,,,,,,,,,,,,,,,2b37a4e4-e757-485a-bc49-5db4bfb6f74c,,,,,,,,,,,,,,,,12/6/2022 4:39:54 PM,ccber_user,12/6/2022 4:39:54 PM,ccber_user,,,,,,,,-119.877370748864,34.4190195435082
45,Anna's Hummingbird,2,No,,,,,,,,,,,,,,,,,,,,,,48d9d159-8714-4af1-938c-3b1ac91ac26f,,,,,,,,,,,,,,,,12/6/2022 4:40:10 PM,ccber_user,12/6/2022 4:40:10 PM,ccber_user,,,,,,,,-119.877471461685,34.419194467397
46,Western Meadowlark,3,No,Air,,,,,,,,,,,,,,,,,,,,,515254b3-0095-4bad-adbf-07a8f857b52b,,,,,,,,,,,,,,,,12/6/2022 4:41:47 PM,ccber_user,12/6/2022 4:41:47 PM,ccber_user,,,,,,,,-119.877560972515,34.4195172446624
47,Cassin's Kingbird,1,No,Habitat Feature - Log,,,,,,,,,,,,,,,,,,,,,e2b5fbc3-dbbf-451d-b725-3ab9b2f39b91,,,,,,,,,,,,,,,,12/6/2022 4:42:42 PM,ccber_user,12/6/2022 4:42:42 PM,ccber_user,,,,,,,,-119.877280927217,34.4198576225148
48,House Finch,1,No,Vegetation - Tree,,,,,,,,,,,,,,,,,,,,,a00b3adc-340c-447d-9f1f-7f7909067c41,,,,,,,,,,,,,,,,12/6/2022 4:43:19 PM,ccber_user,12/6/2022 4:43:19 PM,ccber_user,,,,,,,,-119.87748539186,34.4192649056329
49,Bewick's Wren,1,No,Vegetation - Tree,,,,,,,,,,,,,,,,,,,,,7fa103c0-5f8a-4a34-9b0e-691cee1f6dcc,,,,,,,,,,,,,,,,12/6/2022 4:43:31 PM,ccber_user,12/6/2022 4:43:31 PM,ccber_user,,,,,,,,-119.877832311342,34.4193806784473
50,Lincoln's Sparrow,1,No,Vegetation - Shrub,,,,,,,,,,,,,,,,,,,,,2079753e-c1c4-47c3-ab58-347c6a27c116,,,,,,,,,,,,,,,,12/6/2022 4:46:00 PM,ccber_user,12/6/2022 4:46:00 PM,ccber_user,,,,,,,,-119.877594786899,34.4198544597725
51,House Finch,1,No,Air,,,,,,,,,,,,,,,,,,,,,01ad6638-e5a1-4c9e-8072-6884b151a14e,,,,,Samsung SM-T713,2.82,3.29,34.4198836166667,-119.8776537,-35.7,1,0.6,0.7,1,,12/6/2022 4:48:51 PM,ccber_user,12/6/2022 4:48:51 PM,ccber_user,,16,12/6/2022 4:48:38 PM,,,,,-119.877653700212,34.4198836165759
52,Black Phoebe,1,No,Other,,,pvc,,,,,,,,,,,,,,,,,,ae1b4cf6-b15e-446a-a5eb-7d0924c0a5d9,,,,,,,,,,,,,,,,12/6/2022 4:50:51 PM,ccber_user,12/6/2022 4:50:51 PM,ccber_user,,,,,,,,-119.877387082032,34.4201792649214
53,Bewick's Wren,1,No,,,,heard only ,,,,,,,,,,,,,,,,,,a147d122-39d0-459f-bd16-a1616fb0c194,,,,,,,,,,,,,,,,12/6/2022 4:52:20 PM,ccber_user,12/6/2022 4:52:20 PM,ccber_user,,,,,,,,-119.877837288008,34.4202593090744
54,Western Meadowlark,10,No,Vegetation - Herbaceous,,,,,,,,,,,,,,,,,,,,,780d038f-cb9e-469d-893a-43296d677d51,,,,,,,,,,,,,,,,12/6/2022 4:53:30 PM,ccber_user,12/6/2022 4:54:01 PM,ccber_user,,,,,,,,-119.87818303968,34.4203762609753
55,White-crowned Sparrow,1,No,Vegetation - Herbaceous,,,,,,,,,,,,,,,,,,,,,42be3436-cd5c-4c91-a9ce-1bbc0038a42d,,,,,,,,,,,,,,,,12/6/2022 4:53:52 PM,ccber_user,12/6/2022 4:54:10 PM,ccber_user,,,,,,,,-119.878074588771,34.4203739371003
56,California Towhee,1,No,Vegetation - Shrub,,,,,,,,,,,,,,,,,,,,,42c5d66a-1e8e-41ce-ae0e-35a89731c556,,,,,,,,,,,,,,,,12/6/2022 4:54:38 PM,ccber_user,12/6/2022 4:54:38 PM,ccber_user,,,,,,,,-119.878135809855,34.4202161298366
57,Cooper's Hawk,1,No,Habitat Feature - Snag,,,,,,,,,,,,,,,,,,,,,7f916c17-a4f4-43e0-9a8b-407ed3de4b72,,,,,,,,,,,,,,,,12/6/2022 4:57:02 PM,ccber_user,12/6/2022 4:57:02 PM,ccber_user,,,,,,,,-119.878635507614,34.420233180262
58,American Crow,1,No,Bare ground,,,,,,,,,,,,,,,,,,,,,a227fc41-1159-48a2-b2cd-af4bb4b3163f,,,,,,,,,,,,,,,,12/6/2022 4:59:32 PM,ccber_user,12/6/2022 4:59:32 PM,ccber_user,,,,,,,,-119.877861775185,34.4207864120285
59,House Finch,1,No,Vegetation - Shrub,,,,,,,,,,,,,,,,,,,,,e1e2a758-d6c5-497b-a2a7-5b90bf7f9cac,,,,,,,,,,,,,,,,12/6/2022 5:00:47 PM,ccber_user,12/6/2022 5:00:47 PM,ccber_user,,,,,,,,-119.879324985256,34.4205761732582
60,Lincoln's Sparrow,1,No,Vegetation - Shrub,,,,,,,,,,,,,,,,,,,,,0896fff0-24b5-4659-b208-3a76f8331c97,,,,,,,,,,,,,,,,12/6/2022 5:02:23 PM,ccber_user,12/6/2022 5:02:23 PM,ccber_user,,,,,,,,-119.879437891809,34.4205933799674
61,Yellow-rumped Warbler,3,No,Vegetation - Shrub,,,,,,,,,,,,,,,,,,,,,054a3a18-0d64-46ad-844a-2ece486e7956,,,,,,,,,,,,,,,,12/6/2022 5:03:28 PM,ccber_user,12/6/2022 5:03:28 PM,ccber_user,,,,,,,,-119.879672188604,34.4205201699154
62,Savannah Sparrow,1,No,Vegetation - Shrub,,,,,,,,,,,,,,,,,,,,,6112d6ad-145e-4463-be42-6e3967b2160f,,,,,,,,,,,,,,,,12/6/2022 5:03:57 PM,ccber_user,12/6/2022 5:03:57 PM,ccber_user,,,,,,,,-119.880094218922,34.4206546504958
63,Song Sparrow,2,No,Vegetation - Shrub,,,,,,,,,,,,,,,,,,,,,ca3c6ad9-0bb9-4582-8aa5-d4a998cfe7fc,,,,,,,,,,,,,,,,12/6/2022 5:04:43 PM,ccber_user,12/6/2022 5:04:43 PM,ccber_user,,,,,,,,-119.880094218922,34.4206385442276
64,White-crowned Sparrow,4,No,Vegetation - Shrub,,,,,,,,,,,,,,,,,,,,,22896b57-ed63-4969-a097-ab06a5027d6f,,,,,,,,,,,,,,,,12/6/2022 5:05:37 PM,ccber_user,12/6/2022 5:05:37 PM,ccber_user,,,,,,,,-119.880485194479,34.4206963222547
65,Say's Phoebe,1,No,Habitat Feature - Snag,,,,,,,,,,,,,,,,,,,,,71d131af-b234-4cf4-a6bb-115942dea183,,,,,,,,,,,,,,,,12/6/2022 5:08:01 PM,ccber_user,12/6/2022 5:08:01 PM,ccber_user,,,,,,,,-119.88083979276,34.4208362194626
66,Red-tailed Hawk,1,No,Air,,,,,,,,,,,,,,,,,,,,,8efedc6e-5500-4376-9010-9e9755252f8b,,,,,,,,,,,,,,,,12/6/2022 5:11:13 PM,ccber_user,12/6/2022 5:11:13 PM,ccber_user,,,,,,,,-119.881760988134,34.420753390337
67,California Towhee,,No,Vegetation - Shrub,,,,,,,,,,,,,,,,,,,,,b79a6977-415c-4ecf-a53f-18da0dd2af13,,,,,,,,,,,,,,,,12/6/2022 5:12:02 PM,ccber_user,12/6/2022 5:12:02 PM,ccber_user,,,,,,,,-119.88192652159,34.4207391618535
68,Yellow-rumped Warbler,1,No,Vegetation - Tree,,,,,,,,,,,,,,,,,,,,,56680c85-3e74-4a5e-9112-e79e342be1b0,,,,,,,,,,,,,,,,12/6/2022 5:12:48 PM,ccber_user,12/6/2022 5:12:48 PM,ccber_user,,,,,,,,-119.881838565744,34.4207992118024
69,Ruby-crowned Kinglet,1,No,Vegetation - Tree,,,,,,,,,,,,,,,,,,,,,fd5d1514-3f07-45a2-973a-4d3d09688e96,,,,,,,,,,,,,,,,12/6/2022 5:13:03 PM,ccber_user,12/6/2022 5:13:03 PM,ccber_user,,,,,,,,-119.881859942952,34.4208421943667
70,Mallard,8,No,Water - Floating,,,,,,,,,,,,,,,,,,,,,d3b37736-be95-4f1b-aaaf-7d496b942063,,,,,,,,,,,,,,,,12/6/2022 5:14:17 PM,ccber_user,12/6/2022 5:14:17 PM,ccber_user,,,,,,,,-119.882436131359,34.421191041921
71,Song Sparrow,2,No,Vegetation - Herbaceous,,,,,,,,,,,,,,,,,,,,,d82d1c73-ddf1-4cc0-8d82-9bb4aea4f0b8,,,,,,,,,,,,,,,,12/6/2022 5:15:57 PM,ccber_user,12/6/2022 5:15:57 PM,ccber_user,,,,,,,,-119.882654606127,34.4209165786641
72,Lesser Goldfinch,8,No,Vegetation - Herbaceous,,,,,,,,,,,,,,,,,,,,,92534dcd-c1b4-4a76-a777-fa0f96b9e93b,,,,,,,,,,,,,,,,12/6/2022 5:16:34 PM,ccber_user,12/6/2022 5:19:57 PM,ccber_user,,,,,,,,-119.882526828863,34.4208776954999
73,Lesser Goldfinch,1,No,,,,heard only,,,,,,,,,,,,,,,,,,d9ba083d-b3ef-492f-9a96-83c1d85247e9,,,,,,,,,,,,,,,,12/6/2022 5:16:55 PM,ccber_user,12/6/2022 5:16:55 PM,ccber_user,,,,,,,,-119.882645074104,34.4206392734003
74,Northern Pintail,1,No,Water - Floating,,,,,,,,,,,,,,,,,,,,,142922cf-b65e-47c1-9ecf-8bccae6de825,,,,,,,,,,,,,,,,12/6/2022 5:18:14 PM,ccber_user,12/6/2022 5:18:33 PM,ccber_user,,,,,,,,-119.882152658988,34.4212357908849
75,Black Phoebe,1,No,Other,,,pvc,,,,,,,,,,,,,,,,,,29c5c525-7e39-4d0a-8f59-97e31ed36340,,,,,,,,,,,,,,,,12/6/2022 5:19:07 PM,ccber_user,12/6/2022 5:19:07 PM,ccber_user,,,,,,,,-119.882842726823,34.4207783222266
76,Common Yellowthroat,2,No,Vegetation - Herbaceous,,,,,,,,,,,,,,,,,,,,,120887aa-635f-4e88-8f42-9590c4d9925c,,,,,,,,,,,,,,,,12/6/2022 5:19:34 PM,ccber_user,12/6/2022 5:19:34 PM,ccber_user,,,,,,,,-119.882594784618,34.4209003034922
77,Anna's Hummingbird,1,No,Vegetation - Herbaceous,,,,,,,,,,,,,,,,,,,,,edf35681-ae32-4df9-bf89-06a99178cde5,,,,,,,,,,,,,,,,12/6/2022 5:20:36 PM,ccber_user,12/6/2022 5:20:36 PM,ccber_user,,,,,,,,-119.883002997947,34.4210161614834
78,Song Sparrow,1,No,Vegetation - Shrub,,,,,,,,,,,,,,,,,,,,,9c00b99c-d55e-4382-9bdb-016b0cedea7b,,,,,,,,,,,,,,,,12/6/2022 5:21:41 PM,ccber_user,12/6/2022 5:21:41 PM,ccber_user,,,,,,,,-119.883105556807,34.4206685870282
79,Bushtit,6,No,Vegetation - Shrub,,,,,,,,,,,,,,,,,,,,,9fa21f27-dc83-49bf-9112-052f80a03068,,,,,,,,,,,,,,,,12/6/2022 5:21:57 PM,ccber_user,12/6/2022 5:21:57 PM,ccber_user,,,,,,,,-119.883200230255,34.4206744218899
80,Common Yellowthroat,1,No,Vegetation - Shrub,,,,,,,,,,,,,,,,,,,,,c480fdc9-c906-49d1-bca8-7f90779101fb,,,,,,,,,,,,,,,,12/6/2022 5:26:12 PM,ccber_user,12/6/2022 5:26:12 PM,ccber_user,,,,,,,,-119.883226501485,34.4206652531389
81,House Finch,4,No,Vegetation - Tree,,,,,,,,,,,,,,,,,,,,,2e41be3c-3041-4788-8002-ab3dbd2830e1,,,,,,,,,,,,,,,,12/6/2022 5:26:56 PM,ccber_user,12/6/2022 5:26:56 PM,ccber_user,,,,,,,,-119.883731961936,34.4210436668767
82,Black Phoebe,2,No,Air,,,,,,,,,,,,,,,,,,,,,04c5fa85-a837-44cc-b164-16cea397f4d2,,,,,,,,,,,,,,,,12/6/2022 5:27:14 PM,ccber_user,12/6/2022 5:27:14 PM,ccber_user,,,,,,,,-119.883614030207,34.4209317978699
83,Western Bluebird,4,No,Air,,,,,,,,,,,,,,,,,,,,,3332862d-eb33-40cb-8f11-b4788456cd65,,,,,Samsung SM-T713,2.82,3.76,34.4207927166667,-119.883338566667,-36.7,1,0.6,0.8,1,,12/6/2022 5:28:05 PM,ccber_user,12/6/2022 5:28:05 PM,ccber_user,,15,12/6/2022 5:27:43 PM,,,,,-119.883338566317,34.4207927166936
84,Cassin's Kingbird,2,No,Vegetation - Tree,,,,,,,,,,,,,,,,,,,,,30a3c1d9-82a2-462d-982d-3aa0db2b538f,,,,,,,,,,,,,,,,12/6/2022 5:28:41 PM,ccber_user,12/6/2022 5:31:40 PM,ccber_user,,,,,,,,-119.884084449175,34.4209711322939
85,White-crowned Sparrow,3,No,Bare ground,,,,,,,,,,,,,,,,,,,,,e9452434-8d38-4e03-8359-e927fd8c02cf,,,,,,,,,,,,,,,,12/6/2022 5:30:27 PM,ccber_user,12/6/2022 5:30:27 PM,ccber_user,,,,,,,,-119.883797007149,34.4209334325746
86,Rufous/Allen's Hummingbird,1,No,Vegetation - Shrub,,,,,,,,,,,,,,,,,,,,,d6396b7b-9f30-477d-a91e-6d4f0c704eb4,,,,,Samsung SM-T713,2.82,3.76,34.4210154,-119.8838613,-43.4,1,0.6,0.8,1,,12/6/2022 5:31:22 PM,ccber_user,12/6/2022 5:31:22 PM,ccber_user,,15,12/6/2022 5:31:07 PM,,,,,-119.883861299574,34.4210153997087
87,House Finch,4,No,Vegetation - Tree,,,,,,,,,,,,,,,,,,,,,eeb3fa32-284a-4d49-a4a0-7fba46da94fb,,,,,,,,,,,,,,,,12/6/2022 5:32:09 PM,ccber_user,12/6/2022 5:32:09 PM,ccber_user,,,,,,,,-119.884086590759,34.4209278467159
88,White-crowned Sparrow,2,No,Bare ground,,,,,,,,,,,,,,,,,,,,,5dbfed6f-d20e-49d0-9b5c-2daac99fcdf0,,,,,,,,,,,,,,,,12/6/2022 5:32:22 PM,ccber_user,12/6/2022 5:32:22 PM,ccber_user,,,,,,,,-119.883944164667,34.4209304973682
89,Lesser Goldfinch,1,No,Vegetation - Shrub,,,,,,,,,,,,,,,,,,,,,2eab1f7e-2969-4d2f-b107-eb8a83384f90,,,,,,,,,,,,,,,,12/6/2022 5:32:35 PM,ccber_user,12/6/2022 5:32:35 PM,ccber_user,,,,,,,,-119.883916321385,34.42093093902
90,Bewick's Wren,1,No,Vegetation - Shrub,,,,,,,,,,,,,,,,,,,,,d6cc393e-78f4-46f0-af60-4a9a84542b2d,,,,,,,,,,,,,,,,12/6/2022 5:34:48 PM,ccber_user,12/6/2022 5:34:48 PM,ccber_user,,,,,,,,-119.884264356574,34.4212136179645
91,Western Gull,1,No,Flyover,,,,,,,,,,,,,,,,,,,,,1a8a42b8-a38e-4696-a8ea-301b7d28d3ca,,,,,Samsung SM-T713,3.29,3.76,34.42129395,-119.884255866667,-37.6,1.1,0.7,0.8,1,,12/6/2022 5:34:58 PM,ccber_user,12/6/2022 5:34:58 PM,ccber_user,,12,12/6/2022 5:34:45 PM,,,,,-119.884255866596,34.4212939501264
92,House Finch,18,No,Vegetation - Herbaceous,,,,,,,,,,,,,,,,,,,,,645a890f-67d2-4a01-8c0b-438b94239a55,,,,,,,,,,,,,,,,12/6/2022 5:35:42 PM,ccber_user,12/6/2022 5:35:42 PM,ccber_user,,,,,,,,-119.884469435665,34.4212380599001
93,Ruby-crowned Kinglet,1,No,Vegetation - Tree,,,,,,,,,,,,,,,,,,,,,be4677a8-2a13-477d-b1f4-4b1a1e4e8932,,,,,,,,,,,,,,,,12/6/2022 5:38:42 PM,ccber_user,12/6/2022 5:38:42 PM,ccber_user,,,,,,,,-119.882977713067,34.4217109948308
94,Marsh Wren,1,No,Vegetation - Herbaceous,,,heard only,,,,,,,,,,,,,,,,,,0ce95f95-5cee-4a6a-b8f8-af7530871ef0,,,,,,,,,,,,,,,,12/6/2022 5:53:30 PM,ccber_user,12/6/2022 5:53:30 PM,ccber_user,,,,,,,,-119.878878522559,34.4212116164584
95,Canada Goose,23,No,Water - Floating,Uncertain,,,,,,,,,,,,,,,,,,,,626c274e-c9bf-4702-b23b-e95b900a68d5,,,,,,,,,,,,,,,,12/6/2022 6:06:01 PM,ccber_user,12/6/2022 6:06:01 PM,ccber_user,,,,,,,,-119.875146080944,34.4185720676076
96,Blue-gray Gnatcatcher,1,No,Vegetation - Shrub,,,,,,,1013,,,,,,,58,15,High,Light,Northwest,,,94405c48-73d8-49b5-8fac-e9a1e1d13d31,,,,,,,,,,,,,,,,12/6/2022 6:15:29 PM,ccber_user,12/6/2022 6:15:29 PM,ccber_user,,,,,,,,-119.872161900927,34.4216575272783
97,Killdeer,10,No,Bare ground,M,,,,"Jeremiah, Glenn",7:35,,,,,,,,,,,,,,,76e14cb9-0860-4505-bc96-5fe6b7b7dae8,,,,,,,,,,,,,,,,12/6/2022 3:40:02 PM,CCBER-Admin,12/6/2022 5:25:38 PM,CCBER-Admin,,,,,,,,-119.8740220882,34.4180159310858
98,Greater Yellowlegs,1,No,Air,,,,,,,,,,,,,,,,,,,,,52a4fb07-0549-4da4-a6d2-41dc364e103a,,,,,,,,,,,,,,,,12/6/2022 3:42:52 PM,CCBER-Admin,12/6/2022 3:42:52 PM,CCBER-Admin,,,,,,,,-119.875498515183,34.4176970000306
99,Gadwall,3,No,Bare ground,,,,,,,,,,,,,,,,,,,,,1f8b3ad0-1319-4d31-96a0-0a8c2b1bc96f,,,,,,,,,,,,,,,,12/6/2022 3:44:52 PM,CCBER-Admin,12/6/2022 3:44:52 PM,CCBER-Admin,,,,,,,,-119.875662216974,34.4191394998473
100,Killdeer,2,No,Bare ground,,,,,,,,,,,,,,,,,,,,,e51840e8-9f04-4000-8aed-7f01c2b3fcf6,,,,,,,,,,,,,,,,12/6/2022 3:45:11 PM,CCBER-Admin,12/6/2022 3:45:11 PM,CCBER-Admin,,,,,,,,-119.875833901194,34.4192951860602
101,Bewick's Wren,1,No,Vegetation - Shrub,,,,,,,,,,,,,,,,,,,,,2c2c7b72-40d5-4ad9-b40d-b70e7d0f2c8f,,,,,,,,,,,,,,,,12/6/2022 3:45:40 PM,CCBER-Admin,12/6/2022 3:45:40 PM,CCBER-Admin,,,,,,,,-119.873590762116,34.4179930214462
102,California Towhee,2,No,Vegetation - Shrub,,,,,,,,,,,,,,,,,,,,,241723bb-2882-45dd-8af5-e5d53758b5a2,,,,,,,,,,,,,,,,12/6/2022 3:46:25 PM,CCBER-Admin,12/6/2022 3:46:25 PM,CCBER-Admin,,,,,,,,-119.87351662685,34.4179826607885
103,Common Yellowthroat,1,No,Vegetation - Herbaceous,,,,,,,,,,,,,,,,,,,,,a6470e22-2a07-4ae7-92ce-8a25e3af9014,,,,,,,,,,,,,,,,12/6/2022 3:48:12 PM,CCBER-Admin,12/6/2022 3:48:12 PM,CCBER-Admin,,,,,,,,-119.873638332402,34.4180995943831
104,Song Sparrow,2,No,Vegetation - Shrub,,,,,,,,,,,,,,,,,,,,,240ee07e-0d82-47f9-8109-707194ddedaf,,,,,,,,,,,,,,,,12/6/2022 3:52:36 PM,CCBER-Admin,12/6/2022 3:52:36 PM,CCBER-Admin,,,,,,,,-119.874012190562,34.4186522370539
105,Greater Yellowlegs,2,No,Bare ground,,,,,,,,,,,,,,,,,,,,,ba7b467a-c86b-43b2-9fe6-4370048b0e0b,,,,,,,,,,,,,,,,12/6/2022 3:53:55 PM,CCBER-Admin,12/6/2022 3:53:55 PM,CCBER-Admin,,,,,,,,-119.875032701877,34.4201076996022
106,White-crowned Sparrow,2,No,Vegetation - Herbaceous,,,,,,,,,,,,,,,,,,,,,7d51cafc-39da-4fa9-aaef-1e38765c1df6,,,,,,,,,,,,,,,,12/6/2022 3:54:40 PM,CCBER-Admin,12/6/2022 3:54:40 PM,CCBER-Admin,,,,,,,,-119.874279427681,34.4196625793558
107,Cassin's Kingbird,1,No,Vegetation - Tree,,,,,,,,,,,,,,,,,,,,,71ea51cd-74c1-443c-b76b-3a18f8c3490f,,,,,,,,,,,,,,,,12/6/2022 3:55:22 PM,CCBER-Admin,12/6/2022 3:55:22 PM,CCBER-Admin,,,,,,,,-119.873826215043,34.4199950001251
108,House Finch,1,No,Vegetation - Tree,,,,,,,,,,,,,,,,,,,,,d0fc4d74-8c38-4364-96dc-281e2b27bb7c,,,,,,,,,,,,,,,,12/6/2022 3:55:41 PM,CCBER-Admin,12/6/2022 3:55:41 PM,CCBER-Admin,,,,,,,,-119.87373480787,34.4199521845992
109,House Finch,1,No,Vegetation - Tree,,,,,,,,,,,,,,,,,,,,,9107955d-eafa-445d-a1ad-081b5bde7af8,,,,,,,,,,,,,,,,12/6/2022 3:56:36 PM,CCBER-Admin,12/6/2022 3:56:36 PM,CCBER-Admin,,,,,,,,-119.873746167965,34.4198818744005
110,Mallard,3,No,Water - Floating,,,,,,,,,,,,,,,,,,,,,82419e76-fd27-4672-85e8-6df262972392,,,,,,,,,,,,,,,,12/6/2022 3:57:14 PM,CCBER-Admin,12/6/2022 3:57:14 PM,CCBER-Admin,,,,,,,,-119.875488267202,34.4190180651263
111,White-crowned Sparrow,2,No,Vegetation - Shrub,,,,,,,,,,,,,,,,,,,,,0e4af8a7-1c30-480f-a646-9f89e3dbbfc1,,,,,,,,,,,,,,,,12/6/2022 3:58:46 PM,CCBER-Admin,12/6/2022 3:58:46 PM,CCBER-Admin,,,,,,,,-119.874051791893,34.4198339997618
112,White-crowned Sparrow,1,No,Vegetation - Herbaceous,,,,,,,,,,,,,,,,,,,,,1ad43a8a-28f7-43f9-b0c4-4fd515cae697,,,,,,,,,,,,,,,,12/6/2022 3:59:04 PM,CCBER-Admin,12/6/2022 3:59:04 PM,CCBER-Admin,,,,,,,,-119.874282041778,34.420034489866
113,Savannah Sparrow,1,No,,,,,,,,,,,,,,,,,,,,,,482e5588-bc83-45c3-a445-ea36e1dd2ffe,,,,,,,,,,,,,,,,12/6/2022 4:00:12 PM,CCBER-Admin,12/6/2022 4:00:12 PM,CCBER-Admin,,,,,,,,-119.874369269091,34.4201121813751
114,White-crowned Sparrow,5,No,Air,,,,,,,,,,,,,,,,,,,,,8a790113-1808-4de5-82a2-be23a15a4d0a,,,,,,,,,,,,,,,,12/6/2022 4:00:39 PM,CCBER-Admin,12/6/2022 4:00:39 PM,CCBER-Admin,,,,,,,,-119.874854607279,34.4207306585532
115,Say's Phoebe,1,No,Air,,,,,,,,,,,,,,,,,,,,,bdd55e92-e13a-4f3f-a087-f240272b2de3,,,,,,,,,,,,,,,,12/6/2022 4:01:01 PM,CCBER-Admin,12/6/2022 4:01:01 PM,CCBER-Admin,,,,,,,,-119.87505198691,34.4206394408729
116,Black Phoebe,1,No,Air,,,,,,,,,,,,,,,,,,,,,a7f46633-8d94-48ef-9485-0de0910648d9,,,,,,,,,,,,,,,,12/6/2022 4:01:25 PM,CCBER-Admin,12/6/2022 4:01:25 PM,CCBER-Admin,,,,,,,,-119.874910269589,34.4207376242198
117,Bufflehead,1,No,Water - Floating,,,,,,,,,,,,,,,,,,,,,78826147-05ed-42a3-a8c7-1fd28c01022b,,,,,,,,,,,,,,,,12/6/2022 4:03:05 PM,CCBER-Admin,12/6/2022 4:03:05 PM,CCBER-Admin,,,,,,,,-119.873800893332,34.4210798103932
118,American Coot,4,No,Water - Floating,,,,,,,,,,,,,,,,,,,,,ede8c540-20f0-41c8-be85-d8f372aba944,,,,,,,,,,,,,,,,12/6/2022 4:03:24 PM,CCBER-Admin,12/6/2022 4:03:24 PM,CCBER-Admin,,,,,,,,-119.873811588674,34.4210402433382
119,Common Yellowthroat,1,No,Fence,,,,,,,,,,,,,,,,,,,,,887d916b-4e7f-4c14-8939-1d63d448f768,,,,,,,,,,,,,,,,12/6/2022 4:05:57 PM,CCBER-Admin,12/6/2022 4:05:57 PM,CCBER-Admin,,,,,,,,-119.87347166617,34.4201183779002
120,Canada Goose,12,No,Water - Floating,,,,,,,,,,,,,,,,,,,,,e49f42b7-46da-48e0-bae7-3f0f660ed97d,,,,,,,,,,,,,,,,12/6/2022 4:08:23 PM,CCBER-Admin,12/6/2022 4:08:23 PM,CCBER-Admin,,,,,,,,-119.874285212831,34.420949652163
121,American Crow,2,No,,,,,,,,,,,,,,,,,,,,,,7f530336-249d-4ac5-a911-41b078311cf9,,,,,,,,,,,,,,,,12/6/2022 4:11:18 PM,CCBER-Admin,12/6/2022 4:11:18 PM,CCBER-Admin,,,,,,,,-119.872640714651,34.4205373262461
122,Great Egret,1,No,Bare ground,,,,,,,,,,,,,,,,,,,,,e031b5b3-a01d-4492-84d0-64d8dc5e0489,,,,,,,,,,,,,,,,12/6/2022 4:11:51 PM,CCBER-Admin,12/6/2022 4:11:51 PM,CCBER-Admin,,,,,,,,-119.871796916325,34.4209954431388
123,Greater Yellowlegs,1,No,Water - Wading,,,,,,,,,,,,,,,,,,,,,24bd551f-b1e6-4888-87a2-5c6e2c72704f,,,,,,,,,,,,,,,,12/6/2022 4:13:36 PM,CCBER-Admin,12/6/2022 4:13:36 PM,CCBER-Admin,,,,,,,,-119.871442770796,34.4210908072078
124,Yellow-rumped Warbler,6,No,Vegetation - Herbaceous,,,,,,,,,,,,,,,,,,,,,1ecae8ef-666c-421b-8290-26a2308a60d7,,,,,,,,,,,,,,,,12/6/2022 4:13:55 PM,CCBER-Admin,12/6/2022 4:13:55 PM,CCBER-Admin,,,,,,,,-119.871344900244,34.4210055047898
125,Yellow Warbler,2,No,Vegetation - Herbaceous,,,,,,,,,,,,,,,,,,,,,5fe63e6b-7ce3-4a86-bd54-8cee6164b9c7,,,,,,,,,,,,,,,,12/6/2022 4:17:38 PM,CCBER-Admin,12/6/2022 4:17:38 PM,CCBER-Admin,,,,,,,,-119.871187023129,34.4210947457567
126,White-crowned Sparrow,3,No,Vegetation - Herbaceous,,,,,,,,,,,,,,,,,,,,,5f94141c-ee16-4f46-b2c4-7f7bea2fee9c,,,,,,,,,,,,,,,,12/6/2022 4:19:12 PM,CCBER-Admin,12/6/2022 4:19:12 PM,CCBER-Admin,,,,,,,,-119.871211456407,34.4209590016932
127,Red-winged Blackbird,1,No,Vegetation - Herbaceous,,,,,,,,,,,,,,,,,,,,,d05ab2f2-f7ee-4123-b731-f5dc2c4e2939,,,,,,,,,,,,,,,,12/6/2022 4:19:53 PM,CCBER-Admin,12/6/2022 4:19:53 PM,CCBER-Admin,,,,,,,,-119.871400846421,34.4208993053289
128,Song Sparrow,3,No,Vegetation - Herbaceous,,,,,,,,,,,,,,,,,,,,,1c819fca-899a-45e9-9fd8-2eddf24a7998,,,,,,,,,,,,,,,,12/6/2022 4:20:18 PM,CCBER-Admin,12/6/2022 4:20:18 PM,CCBER-Admin,,,,,,,,-119.871109882999,34.4210244580084
129,Mallard,4,No,Water - Floating,,,,,,,,,,,,,,,,,,,,,feda9982-4428-4d43-8ac2-d5c790b0cd0a,,,,,,,,,,,,,,,,12/6/2022 4:22:10 PM,CCBER-Admin,12/6/2022 4:22:10 PM,CCBER-Admin,,,,,,,,-119.870473422129,34.4211024287052
130,Black Phoebe,1,No,,,,,,,,,,,,,,,,,,,,,,a0c17c65-9982-4d86-b57c-be1ed3b7d9b2,,,,,,,,,,,,,,,,12/6/2022 4:22:41 PM,CCBER-Admin,12/6/2022 4:22:41 PM,CCBER-Admin,,,,,,,,-119.870278738342,34.4210695797974
131,American Crow,1,No,,,,,,,,,,,,,,,,,,,,,,c09ac884-cbc0-42df-91a4-569e3eb32463,,,,,,,,,,,,,,,,12/6/2022 4:22:54 PM,CCBER-Admin,12/6/2022 4:22:54 PM,CCBER-Admin,,,,,,,,-119.870260813359,34.421169815277
132,Yellow-rumped Warbler,2,No,,,,,,,,,,,,,,,,,,,,,,bb4cca4d-1846-4996-85d2-abb952cc0973,,,,,,,,,,,,,,,,12/6/2022 4:25:28 PM,CCBER-Admin,12/6/2022 4:25:28 PM,CCBER-Admin,,,,,,,,-119.870382164974,34.4211093276485
133,Anna's Hummingbird,3,No,Vegetation - Tree,,,,,,,,,,,,,,,,,,,,,af3cb260-fb0b-40a5-90ab-297ae158b9fb,,,,,,,,,,,,,,,,12/6/2022 4:26:08 PM,CCBER-Admin,12/6/2022 4:28:27 PM,CCBER-Admin,,,,,,,,-119.871694940472,34.4219071728971
134,Yellow-rumped Warbler,4,No,Vegetation - Tree,,,,,,,,,,,,,,,,,,,,,ee50736b-6d12-4c91-8c45-96d0f79503f5,,,,,,,,,,,,,,,,12/6/2022 4:26:38 PM,CCBER-Admin,12/6/2022 4:28:47 PM,CCBER-Admin,,,,,,,,-119.871497421603,34.4218084840667
135,American Crow,1,No,Flyover,,,,,,,,,,,,,,,,,,,,,f13e50b8-6273-45e0-9c3d-e31a97cbb4e3,,,,,,,,,,,,,,,,12/6/2022 4:27:21 PM,CCBER-Admin,12/6/2022 4:27:21 PM,CCBER-Admin,,,,,,,,-119.873380922852,34.4216711249973
136,House Finch,6,No,Flyover,,,,,,,,,,,,,,,,,,,,,36a3f106-6fc4-4b87-957d-0ea22f098643,,,,,,,,,,,,,,,,12/6/2022 4:29:26 PM,CCBER-Admin,12/6/2022 4:29:26 PM,CCBER-Admin,,,,,,,,-119.871289908975,34.4217458183034
137,Yellow-rumped Warbler,2,No,Vegetation - Herbaceous,,,,,,,,,,,,,,,,,,,,,ddd74719-a759-42f4-b73f-37df5aad9304,,,,,,,,,,,,,,,,12/6/2022 4:31:26 PM,CCBER-Admin,12/6/2022 4:31:26 PM,CCBER-Admin,,,,,,,,-119.87211868208,34.421882770431
138,Bushtit,10,No,Vegetation - Tree,,,,,,,,,,,,,,,,,,,,,08b32663-7b13-4ff1-9179-29ac7080d391,,,,,,,,,,,,,,,,12/6/2022 4:36:34 PM,CCBER-Admin,12/6/2022 4:36:34 PM,CCBER-Admin,,,,,,,,-119.873164888806,34.4219637533045
139,Lesser Goldfinch,5,No,,,,,,,,,,,,,,,,,,,,,,dbd26ffa-0f9e-475e-88ea-f6e88c852c79,,,,,,,,,,,,,,,,12/6/2022 4:37:05 PM,CCBER-Admin,12/6/2022 4:41:18 PM,CCBER-Admin,,,,,,,,-119.87323132012,34.4219514924286
140,House Finch,2,No,Vegetation - Tree,,,,,,,,,,,,,,,,,,,,,ec7f358a-df6e-4f07-be8a-bc360e075ea0,,,,,,,,,,,,,,,,12/6/2022 4:37:34 PM,CCBER-Admin,12/6/2022 4:37:34 PM,CCBER-Admin,,,,,,,,-119.873474315302,34.4220869984966
141,White-crowned Sparrow,10,No,Vegetation - Tree,,,,,,,,,,,,,,,,,,,,,ff7d9386-011f-48ca-a74b-d6c02942e05c,,,,,,,,,,,,,,,,12/6/2022 4:38:04 PM,CCBER-Admin,12/6/2022 4:38:28 PM,CCBER-Admin,,,,,,,,-119.873500365547,34.4220259350204
142,Scaly-breasted Munia,1,No,Vegetation - Herbaceous,,,,,,,,,,,,,,,,,,,,,f3226b8c-7111-40d6-86c9-299f58f9392c,,,,,,,,,,,,,,,,12/6/2022 4:39:18 PM,CCBER-Admin,12/6/2022 4:39:18 PM,CCBER-Admin,,,,,,,,-119.873313550104,34.4218802213285
143,Black-crowned Night-Heron,3,No,Vegetation - Herbaceous,,,,,,,,,,,,,,,,,,,,,2c439383-009e-4825-b663-b18994c6089b,,,,,,,,,,,,,,,,12/6/2022 4:40:17 PM,CCBER-Admin,12/6/2022 4:40:17 PM,CCBER-Admin,,,,,,,,-119.873578258465,34.4218376787218
144,Mallard,1,No,Vegetation - Herbaceous,,,,,,,,,,,,,,,,,,,,,c8c41917-d1c1-416a-b4f3-48153113d4da,,,,,,,,,,,,,,,,12/6/2022 4:41:03 PM,CCBER-Admin,12/6/2022 4:41:03 PM,CCBER-Admin,,,,,,,,-119.873460286312,34.4218452141393
145,Allen's Hummingbird,1,No,Vegetation - Tree,,,,,,,,,,,,,,,,,,,,,8bf4d63d-b923-43d6-a823-cc1281651abd,,,,,,,,,,,,,,,,12/6/2022 4:44:35 PM,CCBER-Admin,12/6/2022 4:44:35 PM,CCBER-Admin,,,,,,,,-119.87254121725,34.4222605717673
146,Allen's Hummingbird,1,No,Vegetation - Tree,,,,,,,,,,,,,,,,,,,,,3309d6f7-6b77-4be1-aea0-549c548c2044,,,,,,,,,,,,,,,,12/6/2022 4:47:54 PM,CCBER-Admin,12/6/2022 4:47:54 PM,CCBER-Admin,,,,,,,,-119.873868071146,34.4216243873675
147,White-crowned Sparrow,6,No,Bare ground,,,,,,,,,,,,,,,,,,,,,0cf29a39-36b7-4f15-917d-0ca5fc96f6cc,,,,,,,,,,,,,,,,12/6/2022 4:48:42 PM,CCBER-Admin,12/6/2022 4:48:42 PM,CCBER-Admin,,,,,,,,-119.873783123758,34.4215682439329
148,Black Phoebe,1,No,Vegetation - Herbaceous,,,,,,,,,,,,,,,,,,,,,a8873843-5bde-4ea0-b0bc-bb75fc798261,,,,,,,,,,,,,,,,12/6/2022 4:49:11 PM,CCBER-Admin,12/6/2022 4:49:11 PM,CCBER-Admin,,,,,,,,-119.873486965378,34.4213067379662
149,Song Sparrow,1,No,Bare ground,,,,,,,,,,,,,,,,,,,,,bee0c0fb-043f-4694-b080-da4f00f2b5ce,,,,,,,,,,,,,,,,12/6/2022 4:51:18 PM,CCBER-Admin,12/6/2022 4:51:18 PM,CCBER-Admin,,,,,,,,-119.873310539849,34.4216510003723
150,Common Yellowthroat,1,No,Vegetation - Herbaceous,,,,,,,,,,,,,,,,,,,,,80ce5eca-8a22-455a-86ad-a13c8209ecdc,,,,,,,,,,,,,,,,12/6/2022 4:51:43 PM,CCBER-Admin,12/6/2022 4:51:43 PM,CCBER-Admin,,,,,,,,-119.873202910899,34.4217796680623
151,Western Gull,3,No,Flyover,,,,,,,,,,,,,,,,,,,,,d714a29d-66ca-478d-86ae-7b036a8449f2,,,,,,,,,,,,,,,,12/6/2022 4:53:24 PM,CCBER-Admin,12/6/2022 4:53:24 PM,CCBER-Admin,,,,,,,,-119.873952130998,34.4211265979762
152,Western Gull,2,No,,,,,,,,,,,,,,,,,,,,,,1dc23c0b-04d9-4bf1-8643-f2f3b9191732,,,,,,,,,,,,,,,,12/6/2022 4:55:43 PM,CCBER-Admin,12/6/2022 4:57:42 PM,CCBER-Admin,,,,,,,,-119.875429701537,34.4201672594404
153,Surf Scoter,1,No,Bare ground,,,,,,,,,,,,,,,,,,,,,25952a02-be33-415a-85a0-f96ea80b00f8,,,,,,,,,,,,,,,,12/6/2022 4:57:21 PM,CCBER-Admin,12/6/2022 4:57:21 PM,CCBER-Admin,,,,,,,,-119.875313417319,34.4195030834032
154,Ring-billed Gull,1,No,Water - Floating,,,,,,,,,,,,,,,,,,,,,418a28b4-06c8-42d6-a4ed-79bf59a5ba39,,,,,,,,,,,,,,,,12/6/2022 4:59:33 PM,CCBER-Admin,12/6/2022 4:59:33 PM,CCBER-Admin,,,,,,,,-119.87539731278,34.4200292729826
155,Black Phoebe,3,No,Mud,,,,,,,,,,,,,,,,,,,,,ceac29ae-ad04-49e0-a240-4012eafc0b21,,,,,,,,,,,,,,,,12/6/2022 5:01:02 PM,CCBER-Admin,12/6/2022 5:01:02 PM,CCBER-Admin,,,,,,,,-119.87521505988,34.4193439613719
156,Bewick's Wren,1,No,Vegetation - Tree,,,,,,,,,,,,,,,,,,,,,c4073f90-d40b-4395-a78d-64251d8e4d49,,,,,,,,,,,,,,,,12/6/2022 5:01:53 PM,CCBER-Admin,12/6/2022 5:01:53 PM,CCBER-Admin,,,,,,,,-119.875488484595,34.4211744118518
157,California Towhee,1,No,Vegetation - Herbaceous,,,,,,,,,,,,,,,,,,,,,fe21b8f8-f225-4534-b32e-d71080ac0273,,,,,,,,,,,,,,,,12/6/2022 5:02:10 PM,CCBER-Admin,12/6/2022 5:02:10 PM,CCBER-Admin,,,,,,,,-119.875145103577,34.4213478084306
158,Anna's Hummingbird,2,No,Vegetation - Tree,,,,,,,,,,,,,,,,,,,,,8bac8669-c642-44e1-bfd7-816e8bc3c3c2,,,,,,,,,,,,,,,,12/6/2022 5:03:00 PM,CCBER-Admin,12/6/2022 5:03:00 PM,CCBER-Admin,,,,,,,,-119.874863545516,34.4214848649533
159,Lesser Goldfinch,3,No,Vegetation - Herbaceous,,,,,,,,,,,,,,,,,,,,,3da5db5b-ad90-4965-a891-a9e238e17196,,,,,,,,,,,,,,,,12/6/2022 5:03:19 PM,CCBER-Admin,12/6/2022 5:03:19 PM,CCBER-Admin,,,,,,,,-119.875430292629,34.4208141464749
160,White-crowned Sparrow,2,No,,,,,,,,,,,,,,,,,,,,,,74580496-985a-42f5-8316-2f2b91c30a91,,,,,,,,,,,,,,,,12/6/2022 5:03:53 PM,CCBER-Admin,12/6/2022 5:03:53 PM,CCBER-Admin,,,,,,,,-119.875564705748,34.4207331832369
161,American Coot,2,No,Water - Floating,,,,,,,,,,,,,,,,,,,,,6c394ac4-5561-403b-8246-0886228d0ce7,,,,,,,,,,,,,,,,12/6/2022 5:06:05 PM,CCBER-Admin,12/6/2022 5:06:05 PM,CCBER-Admin,,,,,,,,-119.87616490163,34.4197961609559
162,White-crowned Sparrow,3,No,Vegetation - Herbaceous,,,,,,,,,,,,,,,,,,,,,5a02c9a6-31e3-4058-a6bc-5049ccec4fa5,,,,,,,,,,,,,,,,12/6/2022 5:08:32 PM,CCBER-Admin,12/6/2022 5:08:32 PM,CCBER-Admin,,,,,,,,-119.876803417846,34.4207805238207
163,Northern Harrier,1,No,Flyover,,,,,,,,,,,,,,,,,,,,,8c7d975b-a3ba-43ae-b353-47bbd39c410e,,,,,,,,,,,,,,,,12/6/2022 5:09:13 PM,CCBER-Admin,12/6/2022 5:09:13 PM,CCBER-Admin,,,,,,,,-119.872089230813,34.4211724762959
164,Red-tailed Hawk,1,No,Vegetation - Tree,,,,,,,,,,,,,,,,,,,,,a5c4c7b6-784e-40b4-9cf1-2e1841d45a18,,,,,,,,,,,,,,,,12/6/2022 5:09:33 PM,CCBER-Admin,12/6/2022 5:09:33 PM,CCBER-Admin,,,,,,,,-119.877370033805,34.4212570604916
165,Say's Phoebe,1,No,Vegetation - Herbaceous,,,,,,,,,,,,,,,,,,,,,b2564e82-7ef6-4421-a015-fe30f7f52a0f,,,,,,,,,,,,,,,,12/6/2022 5:10:24 PM,CCBER-Admin,12/6/2022 5:10:24 PM,CCBER-Admin,,,,,,,,-119.877859667737,34.4208814436148
166,Song Sparrow,3,No,Vegetation - Herbaceous,,,,,,,,,,,,,,,,,,,,,67fbfe43-0a5c-42f1-b05b-12dcedd223b4,,,,,,,,,,,,,,,,12/6/2022 5:10:48 PM,CCBER-Admin,12/6/2022 5:10:48 PM,CCBER-Admin,,,,,,,,-119.877959641245,34.4214421606025
167,Bewick's Wren,1,No,Vegetation - Herbaceous,,,,,,,,,,,,,,,,,,,,,46d598ed-6857-4f0f-920f-ad96d69aeea0,,,,,,,,,,,,,,,,12/6/2022 5:11:00 PM,CCBER-Admin,12/6/2022 5:11:00 PM,CCBER-Admin,,,,,,,,-119.878161825964,34.4215652946694
168,Song Sparrow,1,No,Vegetation - Herbaceous,,,,,,,,,,,,,,,,,,,,,4ed9f449-fd6a-485d-a470-65d860f00053,,,,,,,,,,,,,,,,12/6/2022 5:11:53 PM,CCBER-Admin,12/6/2022 5:11:53 PM,CCBER-Admin,,,,,,,,-119.878241060966,34.4212643573519
169,White-crowned Sparrow,1,No,Vegetation - Herbaceous,,,,,,,,,,,,,,,,,,,,,a9fb18b5-8626-4171-9811-59c59a6703af,,,,,,,,,,,,,,,,12/6/2022 5:12:19 PM,CCBER-Admin,12/6/2022 5:12:19 PM,CCBER-Admin,,,,,,,,-119.878413135055,34.421242308931
170,Scaly-breasted Munia,2,No,Vegetation - Herbaceous,,,,,,,,,,,,,,,,,,,,,f8a8b6c0-67ab-4447-a72d-36c944cbee52,,,,,,,,,,,,,,,,12/6/2022 5:13:15 PM,CCBER-Admin,12/6/2022 5:13:15 PM,CCBER-Admin,,,,,,,,-119.878976498214,34.4214638755108
171,Common Yellowthroat,1,No,Vegetation - Herbaceous,,,,,,,,,,,,,,,,,,,,,418585f6-1545-4228-bf1e-9eb202a384e0,,,,,,,,,,,,,,,,12/6/2022 5:14:49 PM,CCBER-Admin,12/6/2022 5:14:49 PM,CCBER-Admin,,,,,,,,-119.878774484175,34.4211908618521
172,Anna's Hummingbird,1,No,Air,,,,,,,,,,,,,,,,,,,,,ae3352c3-6c71-42b2-bd91-6103ab2823ab,,,,,,,,,,,,,,,,12/6/2022 5:16:25 PM,CCBER-Admin,12/6/2022 5:16:25 PM,CCBER-Admin,,,,,,,,-119.878864869065,34.4214697473681
173,American Kestrel,1,Yes,Other,,,bat box,,,,,,,,,,,,,,,,,,8ae4378c-1e98-4a16-a273-7965f0c941cd,,,,,,,,,,,,,,,,12/6/2022 5:20:10 PM,CCBER-Admin,12/6/2022 5:21:36 PM,CCBER-Admin,,,,,,,,-119.878050236341,34.4205853990781
174,Allen's Hummingbird,1,No,Air,,,,,,,,,,,,,,,,,,,,,84a87295-c7a4-48b2-8edc-0174a9f3b7cd,,,,,,,,,,,,,,,,12/6/2022 5:20:48 PM,CCBER-Admin,12/6/2022 5:20:48 PM,CCBER-Admin,,,,,,,,-119.879403977712,34.4212732118431
175,Song Sparrow,1,No,Vegetation - Shrub,,,,,,,,,,,,,,,,,,,,,6c9c661b-1b70-40fd-857a-e57a8ef3acae,,,,,,,,,,,,,,,,12/6/2022 5:21:04 PM,CCBER-Admin,12/6/2022 5:21:04 PM,CCBER-Admin,,,,,,,,-119.879227129975,34.4212162863923
176,White-crowned Sparrow,3,No,Vegetation - Herbaceous,,,,,,,,,,,,,,,,,,,,,3bdedc76-3beb-4182-a621-b6c810b74171,,,,,,,,,,,,,,,,12/6/2022 5:21:23 PM,CCBER-Admin,12/6/2022 5:21:23 PM,CCBER-Admin,,,,,,,,-119.879641634207,34.4213782022211
177,Bewick's Wren,1,No,Vegetation - Herbaceous,,,,,,,,,,,,,,,,,,,,,2e498087-f230-43dd-952f-5931cc0b40b5,,,,,,,,,,,,,,,,12/6/2022 5:22:06 PM,CCBER-Admin,12/6/2022 5:22:06 PM,CCBER-Admin,,,,,,,,-119.879834024594,34.4213349916972
178,California Towhee,2,No,Vegetation - Herbaceous,,,,,,,,,,,,,,,,,,,,,dbbb71f4-90bd-4586-b350-85c0408a5c25,,,,,,,,,,,,,,,,12/6/2022 5:23:38 PM,CCBER-Admin,12/6/2022 5:23:38 PM,CCBER-Admin,,,,,,,,-119.879796955614,34.4214484333543
179,Say's Phoebe,2,No,Air,,,,,,,,,,,,,,,,,,,,,a624cb46-86d5-4f70-9e27-9ae5109e5b73,,,,,,,,,,,,,,,,12/6/2022 5:24:01 PM,CCBER-Admin,12/6/2022 5:25:58 PM,CCBER-Admin,,,,,,,,-119.879980865906,34.4216003634805
180,Mallard,7,No,Water - Floating,,,,,,,,,,,,,,,,,,,,,225fd83e-e00c-4677-870c-993ee037921a,,,,,,,,,,,,,,,,12/6/2022 5:24:19 PM,CCBER-Admin,12/6/2022 5:24:19 PM,CCBER-Admin,,,,,,,,-119.881212519042,34.4216250987471
181,Song Sparrow,1,No,Vegetation - Herbaceous,,,,,,,,,,,,,,,,,,,,,30fd6614-231e-467f-a92a-a21fe3c2ff5c,,,,,,,,,,,,,,,,12/6/2022 5:29:18 PM,CCBER-Admin,12/6/2022 5:29:18 PM,CCBER-Admin,,,,,,,,-119.881046288494,34.4217706646799
182,White-crowned Sparrow,1,No,Vegetation - Herbaceous,,,,,,,,,,,,,,,,,,,,,05f2bdfb-ce45-4958-b3b9-7b42981fe155,,,,,,,,,,,,,,,,12/6/2022 5:29:42 PM,CCBER-Admin,12/6/2022 5:29:42 PM,CCBER-Admin,,,,,,,,-119.881397828909,34.4217926470107
183,Common Yellowthroat,1,No,Vegetation - Herbaceous,,,,,,,,,,,,,,,,,,,,,4d6617ec-a6e8-4311-8662-608c9d19d0a4,,,,,,,,,,,,,,,,12/6/2022 5:30:26 PM,CCBER-Admin,12/6/2022 5:30:26 PM,CCBER-Admin,,,,,,,,-119.881057915389,34.4220434156075
184,Mallard,11,Yes,,,,,,,,,,,,,,,,,,,,,,403f7c87-af4b-4340-a3e0-304d8ff9ccc5,,,,,,,,,,,,,,,,12/6/2022 5:30:43 PM,CCBER-Admin,12/6/2022 5:30:43 PM,CCBER-Admin,,,,,,,,-119.882336315954,34.4212201693584
185,Rufous/Allen's Hummingbird,1,No,Vegetation - Tree,,,,,,,9:40,,,,,,,,,,,,,,1e601497-3b4c-4bb6-a61c-230ff9bef7da,,,,,,,,,,,,,,,,12/6/2022 5:33:40 PM,CCBER-Admin,12/6/2022 5:40:57 PM,CCBER-Admin,,,,,,,,-119.88322551244,34.4216980069775
186,Eurasian Collared-Dove,5,No,Vegetation - Tree,,,,,,,,,,,,,,,,,,,,,f20f6f88-f81b-4812-bbbf-94d2169eac59,,,,,,,,,,,,,,,,12/6/2022 5:44:35 PM,CCBER-Admin,12/6/2022 5:44:35 PM,CCBER-Admin,,,,,,,,-119.881607896345,34.4219500963515
187,Nuttall's Woodpecker,1,No,Vegetation - Tree,,,,,,,,,,,,,,,,,,,,,30dc644a-3356-4bf7-8625-3148ca4985e7,,,,,,,,,,,,,,,,12/6/2022 6:14:48 PM,CCBER-Admin,12/6/2022 6:14:48 PM,CCBER-Admin,,,,,,,,-119.871686196271,34.4219117879568
