OBJECTID,Species,Count,Repeat Observation,Substrate,Sex,Breeding Activity,Observation Notes,Water Level,Observers,Starting Time,Ending Time,Starting Temp (F),Starting % Cloud Cover,Starting Cloud Height,Starting Wind Speed,Starting Wind Direction,Starting Rain,Ending Temp (F),Ending % Cloud Cover,Ending Cloud Height,Ending Wind Speed,Ending Wind Direction,Ending Rain,Weather Note,GlobalID,CreationDate,Creator,EditDate,Editor,POINT_X,POINT_Y,x,y
1,Peregrine Falcon,2,No,,,,took out a black necked stilt,5.5,Lisa Linus beau,733,,58,50,,,,,,,,,,,,21991654-70c9-4190-bc47-d27d7e5dae42,11/19/2021 3:31:10 PM,ccber_user,11/19/2021 6:39:39 PM,CCBER-Admin,-119.874935289,34.4162755560001,-119.874935289466,34.4162755564906
2,Mallard,8,No,Water - Floating,,,,,,,,,,,,,,,,,,,,,8e967725-08cc-459d-a7b4-9112c6a9f8cb,11/19/2021 3:32:15 PM,ccber_user,11/19/2021 6:39:40 PM,CCBER-Admin,-119.874216549,34.4178277400001,-119.874216549204,34.417827739864
3,American Coot,3,No,Water - Floating,,,,,,,,,,,,,,,,,,,,,e839aac0-99f1-4d93-9150-06a9c991dda2,11/19/2021 3:32:31 PM,ccber_user,11/19/2021 6:39:40 PM,CCBER-Admin,-119.874403935,34.417903972,-119.874403935077,34.417903972066
4,Double-crested Cormorant,1,No,Mud,,,,,,,,,,,,,,,,,,,,,3b9c96e0-8c6b-438b-92a2-7abb52a6d35a,11/19/2021 3:32:56 PM,ccber_user,11/19/2021 6:39:40 PM,CCBER-Admin,-119.874447573,34.41800985,-119.874447572539,34.4180098500091
5,Belted Kingfisher,1,No,Fence,,,,,,,,,,,,,,,,,,,,,62a8d19f-2dc5-4401-9edd-64876b368835,11/19/2021 3:33:17 PM,ccber_user,11/19/2021 6:39:41 PM,CCBER-Admin,-119.874026597,34.41755034,-119.874026596844,34.417550339876
6,Killdeer,8,No,Mud,,,,,,,,,,,,,,,,,,,,,4d50ff4f-95c0-45be-9a83-8146d2fe978d,11/19/2021 3:33:52 PM,ccber_user,11/19/2021 6:39:41 PM,CCBER-Admin,-119.874189,34.417562133,-119.874188999671,34.4175621330494
7,Redhead,8,No,Water - Floating,,,,,,,,,,,,,,,,,,,,,1a2b566c-07dc-431e-bc6b-816e6a30d363,11/19/2021 3:34:53 PM,ccber_user,11/19/2021 6:39:41 PM,CCBER-Admin,-119.875649929,34.419410805,-119.875649928919,34.4194108054374
8,Anna's Hummingbird,1,No,Vegetation - Shrub,,,,,,,,,,,,,,,,,,,,,51e0893b-8f4a-4881-a07d-bdd2305ade9f,11/19/2021 3:37:07 PM,ccber_user,11/19/2021 6:39:42 PM,CCBER-Admin,-119.873855645,34.418385921,-119.87385564475,34.418385921451
9,Yellow-rumped Warbler,3,No,Vegetation - Tree,,,,,,,,,,,,,,,,,,,,,bde4efcc-2358-4551-bfeb-d6cfb5d24ebf,11/19/2021 3:37:45 PM,ccber_user,11/19/2021 6:39:42 PM,CCBER-Admin,-119.873667089,34.418757455,-119.873667089271,34.4187574552598
10,White-crowned Sparrow,2,No,Bare ground,,,,,,,,,,,,,,,,,,,,,1a50011b-553c-495f-a3e1-9b9623138a66,11/19/2021 3:38:24 PM,ccber_user,11/19/2021 6:39:42 PM,CCBER-Admin,-119.873459168,34.418160309,-119.87345916791,34.4181603087273
11,Cooper's Hawk,1,No,Vegetation - Tree,,,,,,,,,,,,,,,,,,,,,31193272-872c-4958-9af9-9c5f9c0e3780,11/19/2021 3:38:58 PM,ccber_user,11/19/2021 6:39:42 PM,CCBER-Admin,-119.87341553,34.419858241,-119.873415530448,34.4198582412799
12,Great Egret,1,No,Bare ground,,,,,,,,,,,,,,,,,,,,,5a88beb1-25a6-4af7-b986-dd68d8d0630b,11/19/2021 3:39:17 PM,ccber_user,11/19/2021 6:39:43 PM,CCBER-Admin,-119.874013625,34.4177233290001,-119.874013625171,34.4177233289793
13,Say's Phoebe,1,No,Vegetation - Shrub,,,,,,,,,,,,,,,,,,,,,e76fc400-7847-4c2e-918c-28b8cc160dc9,11/19/2021 3:39:30 PM,ccber_user,11/19/2021 6:39:43 PM,CCBER-Admin,-119.874221546,34.4188604510001,-119.874221545634,34.4188604509395
14,California Towhee,1,No,Bare ground,,,,,,,,,,,,,,,,,,,,,a6c0d217-a801-4e83-aaf1-4ed042ae56ed,11/19/2021 3:40:44 PM,ccber_user,11/19/2021 6:39:43 PM,CCBER-Admin,-119.87373383,34.4190891440001,-119.873733829605,34.4190891437718
15,House Finch,5,No,Air,,,,,,,,,,,,,,,,,,,,,820083b5-4b24-465d-9e7c-44b5b8a51a57,11/19/2021 3:41:15 PM,ccber_user,11/19/2021 6:39:43 PM,CCBER-Admin,-119.873862176,34.419167492,-119.873862175503,34.4191674919816
16,Song Sparrow,1,No,Vegetation - Shrub,,,,,,,,,,,,,,,,,,,,,6f24454b-b3b4-420f-a980-71e824ef831a,11/19/2021 3:42:46 PM,ccber_user,11/19/2021 6:39:44 PM,CCBER-Admin,-119.874516743,34.419334776,-119.874516742816,34.4193347761722
17,Killdeer,10,No,Vegetation - Herbaceous,,,,,,,,,,,,,,,,,,,,,54c6d721-23a1-4cce-bf27-48d29d159b7e,11/19/2021 3:43:23 PM,ccber_user,11/19/2021 6:39:44 PM,CCBER-Admin,-119.874937719,34.4188625690001,-119.874937719409,34.418862568846
18,Northern Pintail,1,No,Water - Floating,,,,,,,,,,,,,,,,,,,,,3f3355cc-d8bd-402a-8718-3a9f9f06f013,11/19/2021 3:43:41 PM,ccber_user,11/19/2021 6:39:44 PM,CCBER-Admin,-119.875222649,34.4201330770001,-119.875222648848,34.4201330770456
19,Black-necked Stilt,1,No,Water - Wading,,,,,,,,,,,,,,,,,,,,,235ef8aa-e4b9-437b-86e3-7b439c57d291,11/19/2021 3:43:56 PM,ccber_user,11/19/2021 6:39:44 PM,CCBER-Admin,-119.875122538,34.4202114240001,-119.875122537897,34.4202114242773
20,Redhead,3,No,Water - Floating,,,,,,,,,,,,,,,,,,,,,928ee2ea-7df0-4461-8aab-021704b34d57,11/19/2021 3:44:10 PM,ccber_user,11/19/2021 6:39:44 PM,CCBER-Admin,-119.875281688,34.4199636770001,-119.875281687925,34.4199636773147
21,American Coot,4,No,Water - Floating,,,,,,,,,,,,,,,,,,,,,3362fbc3-9b6a-4ca3-8915-bc4b2456af2f,11/19/2021 3:44:30 PM,ccber_user,11/19/2021 6:39:45 PM,CCBER-Admin,-119.875112271,34.4203300040001,-119.875112271052,34.4203300042923
22,American Pipit,2,No,Air,,,,,,,,,,,,,,,,,,,,,a47793e1-d42b-4d91-aa3b-a7551eac973e,11/19/2021 3:46:44 PM,ccber_user,11/19/2021 6:39:45 PM,CCBER-Admin,-119.875107786,34.419436417,-119.875107785764,34.4194364172609
23,American Wigeon,2,No,Water - Floating,,,,,,,,,,,,,,,,,,,,,d3eeb5e9-522f-4df0-81a6-8e39bf01981c,11/19/2021 3:47:01 PM,ccber_user,11/19/2021 6:39:45 PM,CCBER-Admin,-119.875436353,34.4197159290001,-119.875436352664,34.4197159288771
24,Say's Phoebe,1,No,Vegetation - Shrub,,,,,,,,,,,,,,,,,,,,,c5f029fa-564d-43a5-8632-e4ad19928cef,11/19/2021 3:47:38 PM,ccber_user,11/19/2021 6:39:45 PM,CCBER-Admin,-119.874917833,34.4197963940001,-119.874917832505,34.4197963943824
25,Mallard,10,No,Water - Floating,,,,,,,,,,,,,,,,,,,,,3e58bf6a-0212-4c85-8d37-a93654251224,11/19/2021 3:48:48 PM,ccber_user,11/19/2021 6:39:46 PM,CCBER-Admin,-119.873974299,34.420804322,-119.873974298725,34.4208043219298
26,American Coot,1,No,Water - Floating,,,,,,,,,,,,,,,,,,,,,a14966af-54bb-450e-98e2-580d8b4f9ba2,11/19/2021 3:49:04 PM,ccber_user,11/19/2021 6:39:46 PM,CCBER-Admin,-119.874131394,34.4206963300001,-119.874131394305,34.420696329665
27,Killdeer,11,No,Bare ground,,,,,,,,,,,,,,,,,,,,,57eb7d1e-1d5b-4f3a-8512-9979a992ccd6,11/19/2021 3:49:30 PM,ccber_user,11/19/2021 6:39:46 PM,CCBER-Admin,-119.873854166,34.4205142260001,-119.873854166123,34.4205142261116
28,American Crow,2,No,Vegetation - Tree,,,,,,,,,,,,,,,,,,,,,b6bafef0-274d-4ea4-9ea2-30c8494de195,11/19/2021 3:50:28 PM,ccber_user,11/19/2021 6:39:47 PM,CCBER-Admin,-119.872695896,34.420556576,-119.872695896362,34.4205565759829
29,Black Phoebe,1,No,Bare ground,,,,,,,,,,,,,,,,,,,,,e4495f63-7ff2-4a67-b3f2-df31c85f695a,11/19/2021 3:51:00 PM,ccber_user,11/19/2021 6:39:47 PM,CCBER-Admin,-119.874100007,34.420399881,-119.874100007169,34.4203998813519
30,White-crowned Sparrow,2,No,Bare ground,,,,,,,,,,,,,,,,,,,,,69322492-501b-481a-8baa-7b91bd1ad7b4,11/19/2021 3:52:53 PM,ccber_user,11/19/2021 6:39:47 PM,CCBER-Admin,-119.873301692,34.420763412,-119.873301692342,34.4207634120015
31,Yellow-rumped Warbler,5,No,Vegetation - Tree,,,,,,,,,,,,,,,,,,,,,5df49718-96ce-4d38-9be3-09f1b00b2ec9,11/19/2021 3:53:13 PM,ccber_user,11/19/2021 6:39:47 PM,CCBER-Admin,-119.872511078,34.420564368,-119.872511077874,34.4205643679123
32,White-crowned Sparrow,19,No,Bare ground,,,,,,,,,,,,,,,,,,,,,2248dbb3-2cb3-46cc-9af2-8be367b3515b,11/19/2021 3:54:19 PM,ccber_user,11/19/2021 6:39:48 PM,CCBER-Admin,-119.872387865,34.4208099960001,-119.87238786495,34.4208099959789
33,Northern Harrier,1,No,Air,,,hunting,,,,,,,,,,,,,,,,,,1b1907a4-6017-45db-8a0c-4d562cf4395c,11/19/2021 3:55:42 PM,ccber_user,11/19/2021 6:39:48 PM,CCBER-Admin,-119.87204518,34.421189025,-119.872045180127,34.4211890248528
34,Red-shouldered Hawk,1,No,Vegetation - Tree,,,chased harrier,,,,,,,,,,,,,,,,,,78e18c62-98de-450f-89ae-ee5e24e4478d,11/19/2021 3:56:06 PM,ccber_user,11/19/2021 6:39:48 PM,CCBER-Admin,-119.872235133,34.4206236580001,-119.872235133385,34.4206236576905
35,American Crow,2,No,Air,,,,,,,,,,,,,,,,,,,,,f8e18c19-b5dd-4251-8e7d-6b472ca3d0ea,11/19/2021 3:56:30 PM,ccber_user,11/19/2021 6:39:48 PM,CCBER-Admin,-119.872427652,34.421330895,-119.872427652232,34.4213308953218
36,Cooper's Hawk,1,No,Air,,,,,,,,,,,,,,,,,,,,,ceaaea18-a465-4dd2-80ce-39f17e3968f6,11/19/2021 3:58:12 PM,ccber_user,11/19/2021 6:39:48 PM,CCBER-Admin,-119.872419561,34.4219731630001,-119.872419561106,34.4219731634846
37,White-crowned Sparrow,13,No,Bare ground,,,,,,,,,,,,,,,,,,,,,24d32ec8-addb-42dd-b909-e174e0ccb3cf,11/19/2021 4:00:52 PM,ccber_user,11/19/2021 6:39:49 PM,CCBER-Admin,-119.871482633,34.4207894990001,-119.871482632638,34.4207894991507
38,Blue-gray Gnatcatcher,2,No,Vegetation - Shrub,,,,,,,,,,,,,,,,,,,,,9c7c5309-fb74-4cbc-98a2-7a039ef51332,11/19/2021 4:02:17 PM,ccber_user,11/19/2021 6:39:49 PM,CCBER-Admin,-119.872242444,34.42123417,-119.872242443875,34.4212341695246
39,Song Sparrow,1,No,,,,,,,,,,,,,,,,,,,,,,73a2b463-a901-4f62-884c-c54a26e95a8a,11/19/2021 4:02:51 PM,ccber_user,11/19/2021 6:39:49 PM,CCBER-Admin,-119.871644349,34.4210817110001,-119.871644349152,34.421081711123
40,Yellow-rumped Warbler,1,No,Vegetation - Shrub,,,,,,,,,,,,,,,,,,,,,ea4d00ac-568c-458a-a119-8a62d0164775,11/19/2021 4:03:09 PM,ccber_user,11/19/2021 6:39:49 PM,CCBER-Admin,-119.871662318,34.421138883,-119.871662318153,34.4211388826857
41,Lincoln's Sparrow,1,No,Vegetation - Tree,,,,,,,,,,,,,,,,,,,,,3dc68eed-4de5-4fe9-be83-9fe3d044fe04,11/19/2021 4:04:09 PM,ccber_user,11/19/2021 6:39:49 PM,CCBER-Admin,-119.871485199,34.421075359,-119.871485199125,34.4210753590541
42,Black Phoebe,1,No,Vegetation - Shrub,,,,,,,,,,,,,,,,,,,,,f63d9934-c509-41c2-b31e-876b5a7d26db,11/19/2021 4:05:31 PM,ccber_user,11/19/2021 6:39:50 PM,CCBER-Admin,-119.871775262,34.4210584190001,-119.871775262435,34.4210584192132
43,Red-shouldered Hawk,1,No,Vegetation - Herbaceous,,,,,,,,,,,,,,,,,,,,,e9cc0f8b-46e5-441f-ad01-831be21c2c49,11/19/2021 4:10:49 PM,ccber_user,11/19/2021 6:39:50 PM,CCBER-Admin,-119.872742995,34.4213239700001,-119.872742995033,34.4213239697199
44,Ruby-crowned Kinglet,1,No,Vegetation - Tree,,,,,,,,,,,,,,,,,,,,,40acd177-9071-4f41-93ff-0f3a1cfc20da,11/19/2021 4:15:01 PM,ccber_user,11/19/2021 6:39:50 PM,CCBER-Admin,-119.872252311,34.4207050260001,-119.87225231097,34.4207050263773
45,Merlin,1,No,Air,,,,,,,,,,,,,,,,,,,,,a399546b-63f0-4af1-82f1-19751d1687f7,11/19/2021 4:15:57 PM,ccber_user,11/19/2021 6:39:50 PM,CCBER-Admin,-119.874131304,34.4220496180001,-119.874131303575,34.4220496179175
46,California Towhee,1,No,Bare ground,,,,,,,,,,,,,,,,,,,,,c5c0c997-9d04-4f66-96eb-f684b7844ef9,11/19/2021 4:16:36 PM,ccber_user,11/19/2021 6:39:51 PM,CCBER-Admin,-119.872421141,34.4227452750001,-119.872421141243,34.4227452748314
47,Song Sparrow,1,No,Vegetation - Shrub,,,,,,,,,,,,,,,,,,,,,532ca4b8-a6fc-40db-a6d4-f7d825d665e2,11/19/2021 4:17:15 PM,ccber_user,11/19/2021 6:39:51 PM,CCBER-Admin,-119.872431409,34.4222794390001,-119.872431408987,34.4222794387438
48,American Pipit,1,No,Bare ground,,,,,,,,,,,,,,,,,,,,,aa0ed6bd-1db2-4026-9a97-15085d6d8d13,11/19/2021 4:18:15 PM,ccber_user,11/19/2021 6:39:51 PM,CCBER-Admin,-119.873003834,34.422006288,-119.87300383435,34.4220062876958
49,Anna's Hummingbird,1,No,Vegetation - Tree,,,,,,,,,,,,,,,,,,,,,84d38c4e-43a8-4718-a0f9-142a1e41c947,11/19/2021 4:18:40 PM,ccber_user,11/19/2021 6:39:51 PM,CCBER-Admin,-119.872690669,34.422048637,-119.872690669066,34.4220486368114
50,Scaly-breasted Munia,5,No,Air,,,,,,,,,,,,,,,,,,,,,1b1aeeb3-6888-474e-aa80-b51e295010f8,11/19/2021 4:19:38 PM,ccber_user,11/19/2021 6:39:51 PM,CCBER-Admin,-119.873145015,34.4218559490001,-119.873145015377,34.4218559485328
51,Black Phoebe,1,No,Vegetation - Tree,,,,,,,,,,,,,,,,,,,,,2588b1b4-42a8-4296-827d-0c86b2cd71a9,11/19/2021 4:19:53 PM,ccber_user,11/19/2021 6:39:52 PM,CCBER-Admin,-119.873026936,34.421922921,-119.873026936324,34.4219229210094
52,Lesser Goldfinch,3,No,Vegetation - Tree,,,,,,,,,,,,,,,,,,,,,9124ea96-8e85-4762-9973-50360eb54a93,11/19/2021 4:20:10 PM,ccber_user,11/19/2021 6:39:52 PM,CCBER-Admin,-119.873494118,34.4221876030001,-119.873494117764,34.4221876025232
53,Scaly-breasted Munia,5,No,Vegetation - Shrub,,,,,,,,,,,,,,,,,,,,,c7d5e2b8-64b7-4f86-a8c5-42dd20acf72a,11/19/2021 4:21:03 PM,ccber_user,11/19/2021 6:39:52 PM,CCBER-Admin,-119.873702171,34.4217689750001,-119.873702171177,34.4217689751562
54,American Crow,6,No,Vegetation - Tree,,,,,,,,,,,,,,,,,,,,,f49a3c07-1e75-4112-bfbb-30a638a63444,11/19/2021 4:22:29 PM,ccber_user,11/19/2021 6:39:52 PM,CCBER-Admin,-119.873817551,34.4221261970001,-119.873817550792,34.4221261967712
55,Mallard,4,No,Water - Floating,,,,,,,,,,,,,,,,,,,,,cc499d1d-4f16-40b4-a0f8-2009204bbad2,11/19/2021 4:23:03 PM,ccber_user,11/19/2021 6:39:53 PM,CCBER-Admin,-119.873473582,34.4217281150001,-119.873473582277,34.4217281153482
56,Yellow-rumped Warbler,2,No,Vegetation - Tree,,,,,,,,,,,,,,,,,,,,,d974741a-0f49-43b7-9611-544690c63c15,11/19/2021 4:24:07 PM,ccber_user,11/19/2021 6:39:53 PM,CCBER-Admin,-119.872521251,34.4221403550001,-119.872521251295,34.4221403546221
57,White-crowned Sparrow,18,No,Bare ground,,,,,,,,,,,,,,,,,,,,,deb588e6-4c25-4558-a6ab-00f2328659c9,11/19/2021 4:28:25 PM,ccber_user,11/19/2021 6:39:53 PM,CCBER-Admin,-119.872775378,34.4219044540001,-119.872775377502,34.4219044541022
58,Song Sparrow,1,No,Mud,,,,,,,,,,,,,,,,,,,,,e55b942c-a182-4e9a-801c-ec2ca108ebe9,11/19/2021 4:28:50 PM,ccber_user,11/19/2021 6:39:53 PM,CCBER-Admin,-119.873008968,34.421836695,-119.873008968222,34.4218366953901
59,Bushtit,5,No,Vegetation - Tree,,,,,,,,,,,,,,,,,,,,,f0300281-503e-4028-bc98-1061baa09c1f,11/19/2021 4:29:52 PM,ccber_user,11/19/2021 6:39:53 PM,CCBER-Admin,-119.87309111,34.4217869350001,-119.873091110172,34.4217869352362
60,Common Yellowthroat,1,No,Vegetation - Shrub,,,,,,,,,,,,,,,,,,,,,19b388f8-7869-4797-b4fb-1c44e65c399f,11/19/2021 4:30:23 PM,ccber_user,11/19/2021 6:39:55 PM,CCBER-Admin,-119.87319122,34.4217699960001,-119.873191220224,34.4217699955396
61,Black Phoebe,1,No,Vegetation - Herbaceous,,,,,,,,,,,,,,,,,,,,,4bd0b1d5-917f-4693-b163-61b8c6f8c19b,11/19/2021 4:30:41 PM,ccber_user,11/19/2021 6:39:55 PM,CCBER-Admin,-119.873198921,34.421871633,-119.873198920582,34.4218716329271
62,Black-crowned Night-Heron,1,No,Vegetation - Herbaceous,,,,,,,,,,,,,,,,,,,,,088fab77-3841-4a9b-a7bd-22150a3f6339,11/19/2021 4:31:16 PM,ccber_user,11/19/2021 6:39:55 PM,CCBER-Admin,-119.873247693,34.4218393360001,-119.873247692814,34.4218393356393
63,Anna's Hummingbird,1,No,Air,,,,,,,,,,,,,,,,,,,,,69b3b34e-3bfa-4c1a-9cf1-2ed5f18d7b17,11/19/2021 4:31:36 PM,ccber_user,11/19/2021 6:39:55 PM,CCBER-Admin,-119.873186086,34.421458193,-119.873186086352,34.4214581933548
64,Common Yellowthroat,1,No,Vegetation - Tree,,,,,,,,,,,,,,,,,,,,,deb99b04-7906-4b4e-b4ef-0efad720cc4f,11/19/2021 4:32:42 PM,ccber_user,11/19/2021 6:39:55 PM,CCBER-Admin,-119.874117882,34.4216995840001,-119.874117881846,34.4216995838676
65,Say's Phoebe,1,No,Fence,,,,,,,,,,,,,,,,,,,,,6fc913bc-7b4b-4492-a71c-7fe260d55f85,11/19/2021 4:34:18 PM,ccber_user,11/19/2021 6:39:56 PM,CCBER-Admin,-119.874451583,34.4212231540001,-119.874451582618,34.4212231542032
66,Yellow-rumped Warbler,2,No,Vegetation - Tree,,,,,,,,,,,,,,,,,,,,,47fe0224-b8a6-41a5-98c4-29cd35de1995,11/19/2021 4:35:18 PM,ccber_user,11/19/2021 6:39:56 PM,CCBER-Admin,-119.874482386,34.421640295,-119.874482385849,34.4216402948524
67,Anna's Hummingbird,1,No,Vegetation - Tree,,,,,,,,,,,,,,,,,,,,,01b02a60-6d01-46d1-9d19-74bbc457d7c3,11/19/2021 4:36:09 PM,ccber_user,11/19/2021 6:39:56 PM,CCBER-Admin,-119.874608786,34.421663396,-119.874608785996,34.4216633961578
68,Cassin's Kingbird,1,No,Vegetation - Tree,,,,,,,,,,,,,,,,,,,,,52fbc287-5e70-48fb-b3e5-95c0844d9b7e,11/19/2021 4:36:22 PM,ccber_user,11/19/2021 6:39:56 PM,CCBER-Admin,-119.874508676,34.4217120970001,-119.874508675945,34.4217120974681
69,White-crowned Sparrow,2,No,Fence,,,,,,,,,,,,,,,,,,,,,df85de4c-327c-46d6-8fe1-faa3b48a2f0c,11/19/2021 4:38:14 PM,ccber_user,11/19/2021 6:39:57 PM,CCBER-Admin,-119.87502198,34.4215935190001,-119.875021980484,34.4215935194131
70,Yellow-rumped Warbler,2,No,Vegetation - Tree,,,,,,,,,,,,,,,,,,,,,6d273298-c852-4ede-8385-4c6d911af547,11/19/2021 4:39:17 PM,ccber_user,11/19/2021 6:39:57 PM,CCBER-Admin,-119.875191397,34.421400831,-119.875191397357,34.4214008308267
71,Black Phoebe,1,No,Vegetation - Shrub,,,,,,,,,,,,,,,,,,,,,17fcd74c-9d9b-4da6-a314-3fc993076322,11/19/2021 4:39:33 PM,ccber_user,11/19/2021 6:39:57 PM,CCBER-Admin,-119.875889603,34.4225167280001,-119.87588960303,34.4225167276042
72,Anna's Hummingbird,1,No,Air,,,,,,,,,,,,,,,,,,,,,bc0ad079-2d6b-45bb-9217-f503f1cdb04d,11/19/2021 4:39:58 PM,ccber_user,11/19/2021 6:39:57 PM,CCBER-Admin,-119.875453225,34.4212314330001,-119.875453224821,34.4212314329232
73,Cooper's Hawk,1,Yes,Vegetation - Tree,,,,,,,,,,,,,,,,,,,,,45bef72f-2a8a-45d8-b063-557858dbe89e,11/19/2021 4:41:53 PM,ccber_user,11/19/2021 6:39:58 PM,CCBER-Admin,-119.87539932,34.4213542460001,-119.875399319616,34.4213542456964
74,Least Sandpiper,6,No,Mud,,,,,,,,,,,,,,,,,,,,,ee92fca3-5cbd-4763-9e39-01c19c0d8411,11/19/2021 4:44:36 PM,ccber_user,11/19/2021 6:39:58 PM,CCBER-Admin,-119.876939478,34.4198804750001,-119.876939477577,34.4198804753247
75,Least Sandpiper,4,No,Mud,,,,,,,,,,,,,,,,,,,,,6770887b-de09-46a5-87d7-e860b2531be4,11/19/2021 4:45:58 PM,ccber_user,11/19/2021 6:39:58 PM,CCBER-Admin,-119.876543745,34.4200435650001,-119.87654374544,34.4200435653158
76,Red-tailed Hawk,1,Yes,Habitat Feature - Snag,,,,,,,,,,,,,,,,,,,,,94cfdbe7-89c0-40a3-8285-8206749633d2,11/19/2021 4:47:13 PM,ccber_user,11/19/2021 6:39:58 PM,CCBER-Admin,-119.880132627,34.4205928660001,-119.88013262729,34.4205928664339
77,Black Phoebe,1,No,Vegetation - Shrub,,,,,,,,,,,,,,,,,,,,,1d7bcd42-4947-4c3a-88da-0cb9b2e0c0b0,11/19/2021 4:48:22 PM,ccber_user,11/19/2021 6:39:59 PM,CCBER-Admin,-119.877059698,34.420399305,-119.877059698214,34.4203993048296
78,Song Sparrow,1,No,Vegetation - Shrub,,,,,,,,,,,,,,,,,,,,,475a726d-e893-4647-87a7-6f1a7a3b95ff,11/19/2021 4:50:03 PM,ccber_user,11/19/2021 6:39:59 PM,CCBER-Admin,-119.876949865,34.4209740920001,-119.876949864797,34.4209740919527
79,House Finch,1,No,Vegetation - Tree,,,,,,,,,,,,,,,,,,,,,359ba2c2-1e0f-4f74-ab43-cffe7f3cb08f,11/19/2021 4:50:50 PM,ccber_user,11/19/2021 6:39:59 PM,CCBER-Admin,-119.87732977,34.4212917130001,-119.877329770416,34.4212917129768
80,Anna's Hummingbird,1,No,Vegetation - Tree,,,,,,,,,,,,,,,,,,,,,28e63256-799e-4a94-b8a1-ba5083697431,11/19/2021 4:51:06 PM,ccber_user,11/19/2021 6:39:59 PM,CCBER-Admin,-119.877445282,34.421298065,-119.877445282083,34.4212980650292
81,Ruby-crowned Kinglet,1,No,Vegetation - Tree,,,,,,,,,,,,,,,,,,,,,75a05876-da5c-4720-b014-30e36946790a,11/19/2021 4:51:40 PM,ccber_user,11/19/2021 6:40:00 PM,CCBER-Admin,-119.877519723,34.4213997040001,-119.877519722776,34.4213997037316
82,White-crowned Sparrow,5,No,Vegetation - Shrub,,,,,,,,,,,,,,,,,,,,,0f9df856-f7bf-47d1-be40-a15b9950a474,11/19/2021 4:52:49 PM,ccber_user,11/19/2021 6:40:00 PM,CCBER-Admin,-119.877768715,34.42107573,-119.877768715111,34.4210757303078
83,Rock Pigeon (Feral Pigeon),3,No,Building,,,,,,,,,,,,,,,,,,,,,05664fa1-14d6-45d6-a63d-abc66540324c,11/19/2021 4:55:53 PM,ccber_user,11/19/2021 6:40:00 PM,CCBER-Admin,-119.878708211,34.421778729,-119.878708210965,34.4217787291911
84,California Towhee,1,No,Bare ground,,,,,,,,,,,,,,,,,,,,,74ec28d3-569c-4d32-acf7-fad7fa6eb132,11/19/2021 4:56:05 PM,ccber_user,11/19/2021 6:40:00 PM,CCBER-Admin,-119.878618369,34.4213637060001,-119.878618368656,34.4213637063348
85,Bushtit,10,No,Vegetation - Shrub,,,,,,,,,,,,,,,,,,,,,12696b0d-fc1b-495f-9328-098723a033e1,11/19/2021 4:56:25 PM,ccber_user,11/19/2021 6:40:00 PM,CCBER-Admin,-119.878387345,34.4216262730001,-119.878387345322,34.4216262725235
86,Bewick's Wren,1,No,Vegetation - Shrub,,,,,,,,,,,,,,,,,,,,,7d01f0ed-4eff-4ff9-bb58-a96ff594bbdd,11/19/2021 4:57:19 PM,ccber_user,11/19/2021 6:40:01 PM,CCBER-Admin,-119.878289802,34.4215542790001,-119.878289801756,34.4215542786505
87,White-crowned Sparrow,8,No,Bare ground,,,,,,,,,,,,,,,,,,,,,e4c9f89a-613c-45b0-863c-8a20bba93726,11/19/2021 4:59:53 PM,ccber_user,11/19/2021 6:40:01 PM,CCBER-Admin,-119.878864795,34.421546522,-119.878864794505,34.4215465223825
88,American Crow,1,No,Mud,,,,,,,,,,,,,,,,,,,,,38266cbc-5560-41bc-874b-7e7422fecf15,11/19/2021 5:00:21 PM,ccber_user,11/19/2021 6:40:01 PM,CCBER-Admin,-119.878282101,34.420915516,-119.878282101398,34.4209155160317
89,House Wren,1,No,Bare ground,,,,,,,,,,,,,,,,,,,,,ca4e5bb5-0b03-45cb-a26b-63afa8c11919,11/19/2021 5:02:57 PM,ccber_user,11/19/2021 6:40:01 PM,CCBER-Admin,-119.878934197,34.4216354550001,-119.878934196547,34.4216354552484
90,Yellow-rumped Warbler,1,No,Vegetation - Tree,,,,,,,,,,,,,,,,,,,,,0820e0b4-0f61-4d40-a9ea-3c961dde1ffb,11/19/2021 5:03:14 PM,ccber_user,11/19/2021 6:40:02 PM,CCBER-Admin,-119.878795582,34.421703214,-119.878795582007,34.4217032141236
91,Say's Phoebe,1,No,Fence,,,,,,,,,,,,,,,,,,,,,8f4dbc15-30f0-4715-b299-fa5639ccf074,11/19/2021 5:03:39 PM,ccber_user,11/19/2021 6:40:02 PM,CCBER-Admin,-119.879337204,34.4213072490001,-119.87933720414,34.4213072485313
92,Common Yellowthroat,2,No,Vegetation - Herbaceous,,,,,,,,,,,,,,,,,,,,,1f3e3f53-ad95-430b-bea0-91d49e8eea32,11/19/2021 5:03:53 PM,ccber_user,11/19/2021 6:40:02 PM,CCBER-Admin,-119.879221692,34.4211590260001,-119.879221692473,34.4211590259596
93,California Towhee,2,No,Vegetation - Shrub,,,,,,,,,,,,,,,,,,,,,31926ee9-05df-4e7a-ac49-92a5e725eaa6,11/19/2021 5:04:37 PM,ccber_user,11/19/2021 6:40:02 PM,CCBER-Admin,-119.879162653,34.4214824840001,-119.879162653395,34.4214824840505
94,Blue-gray Gnatcatcher,1,No,Vegetation - Tree,,,,,,,,,,,,,,,,,,,,,9e07ad12-573d-4913-a716-132cac4e77fc,11/19/2021 5:04:57 PM,ccber_user,11/19/2021 6:40:02 PM,CCBER-Admin,-119.879080511,34.4215375380001,-119.879080511446,34.4215375382415
95,Bewick's Wren,2,No,Fence,,,,,,,,,,,,,,,,,,,,,334f42ba-0907-461c-8c88-f058a5a5dad4,11/19/2021 5:05:17 PM,ccber_user,11/19/2021 6:40:03 PM,CCBER-Admin,-119.879342338,34.4217619890001,-119.879342338012,34.421761988827
96,Song Sparrow,1,No,Vegetation - Tree,,,,,,,,,,,,,,,,,,,,,3051fecc-2c0e-43f0-b0e6-ce78f27ca3f5,11/19/2021 5:05:34 PM,ccber_user,11/19/2021 6:40:03 PM,CCBER-Admin,-119.879681173,34.421645529,-119.879681172656,34.4216455286787
97,White-crowned Sparrow,5,No,Bare ground,,,,,,,,,,,,,,,,,,,,,c6d8ca18-e266-47d1-aa73-a272d99c82e5,11/19/2021 5:06:07 PM,ccber_user,11/19/2021 6:40:03 PM,CCBER-Admin,-119.879696574,34.4214062560001,-119.879696574271,34.4214062558519
98,Song Sparrow,1,No,Vegetation - Shrub,,,,,,,,,,,,,,,,,,,,,f48c34fd-495c-4510-98fa-bf8fcc5bbdae,11/19/2021 5:06:20 PM,ccber_user,11/19/2021 6:40:04 PM,CCBER-Admin,-119.879473251,34.421416843,-119.879473251295,34.4214168428383
99,Red-tailed Hawk,1,Yes,Building,,,,,,,,,,,,,,,,,,,,,2b9412fd-0a53-4da0-bd73-40b65bd05cd2,11/19/2021 5:08:11 PM,ccber_user,11/19/2021 6:40:04 PM,CCBER-Admin,-119.880936401,34.4222617080001,-119.880936401178,34.4222617077431
100,Anna's Hummingbird,1,No,Vegetation - Shrub,,,,,,,,,,,,,,,,,,,,,ec7420e9-43b7-44d9-b592-c5de08a076ca,11/19/2021 5:08:33 PM,ccber_user,11/19/2021 6:40:04 PM,CCBER-Admin,-119.880358842,34.421825513,-119.880358841943,34.4218255126779
101,Western Meadowlark,20,Yes,Bare ground,,,,,,,,,,,,,,,,,,,,,517d77ca-edea-493d-8d24-346c491bbe11,11/19/2021 5:10:07 PM,ccber_user,11/19/2021 6:40:05 PM,CCBER-Admin,-119.881059614,34.420927707,-119.881059614103,34.4209277066619
102,Canada Goose,4,No,Water - Floating,,,,,,,,,,,,,,,,,,,,,8f464e40-ed44-407b-9cbe-3e897ab6b1ab,11/19/2021 5:10:40 PM,ccber_user,11/19/2021 6:40:05 PM,CCBER-Admin,-119.882163394,34.4212093310001,-119.882163393855,34.4212093311399
103,Black Phoebe,1,No,Vegetation - Shrub,,,,,,,,,,,,,,,,,,,,,a6da5b6f-c34d-445c-810a-739d2ec0446b,11/19/2021 5:10:52 PM,ccber_user,11/19/2021 6:40:05 PM,CCBER-Admin,-119.882022213,34.4211500420001,-119.882022212829,34.421150041777
104,Killdeer,1,No,Mud,,,,,,,,,,,,,,,,,,,,,c7bf0072-6019-4450-bc28-c1a92ef3ca17,11/19/2021 5:11:33 PM,ccber_user,11/19/2021 6:40:05 PM,CCBER-Admin,-119.882281473,34.4210632260001,-119.882281472908,34.4210632255044
105,American Pipit,1,No,Mud,,,,,,,,,,,,,,,,,,,,,3285d33e-5288-46e6-bf71-7c921c34e83f,11/19/2021 5:11:46 PM,ccber_user,11/19/2021 6:40:05 PM,CCBER-Admin,-119.882017079,34.421308852,-119.882017078957,34.4213088521056
106,American Coot,1,No,Water - Floating,,,,,,,,,,,,,,,,,,,,,a48981b0-3e1b-4b30-8d5c-38f81b272c7f,11/19/2021 5:12:15 PM,ccber_user,11/19/2021 6:40:06 PM,CCBER-Admin,-119.882271205,34.421270738,-119.882271205164,34.4212707375653
107,Mallard,5,No,Water - Floating,,,,,,,,,,,,,,,,,,,,,64d02406-865c-45bf-8e34-515eb7b42a0a,11/19/2021 5:13:36 PM,ccber_user,11/19/2021 6:40:06 PM,CCBER-Admin,-119.882127457,34.421308852,-119.882127456752,34.4213088521056
108,Common Yellowthroat,1,No,Vegetation - Herbaceous,,,,,,,,,,,,,,,,,,,,,ea60deee-ae9c-4317-b5bb-925bbbdbe216,11/19/2021 5:15:17 PM,ccber_user,11/19/2021 6:40:06 PM,CCBER-Admin,-119.882489394,34.421306734,-119.882489394269,34.4213067342611
109,Allen's Hummingbird,1,No,Vegetation - Herbaceous,,,,,,,,,,,,,,,,,,,,,786dcc12-7fe8-4a0f-98bf-c63ebf7d8eed,11/19/2021 5:16:02 PM,ccber_user,11/19/2021 6:40:07 PM,CCBER-Admin,-119.882548433,34.421194508,-119.882548433346,34.4211945084326
110,Anna's Hummingbird,1,No,Vegetation - Tree,,,,,,,,,,,,,,,,,,,,,7cc2e46e-7bed-4ed0-8671-c668ae63312d,11/19/2021 5:20:00 PM,ccber_user,11/19/2021 6:40:07 PM,CCBER-Admin,-119.883018968,34.42181014,-119.883018968197,34.4218101395028
111,White-crowned Sparrow,8,No,Bare ground,,,,,,,,,,,,,,,,,,,,,79df5fcb-fb90-4f6e-b717-d812442e60e7,11/19/2021 5:20:16 PM,ccber_user,11/19/2021 6:40:07 PM,CCBER-Admin,-119.883267961,34.421723324,-119.883267960532,34.4217233239156
112,Bushtit,10,No,Vegetation - Tree,,,,,,,,,,,,,,,,,,,,,73b6aebd-e8c4-4619-82bc-80ab023e120f,11/19/2021 5:22:57 PM,ccber_user,11/19/2021 6:40:07 PM,CCBER-Admin,-119.883437886,34.421731374,-119.883437885851,34.4217313743521
113,Killdeer,36,No,Bare ground,,,,,,,,,,,,,,,,,,,,,360fff62-9c54-406e-bf08-27c0d2c91610,11/19/2021 5:24:20 PM,ccber_user,11/19/2021 6:40:08 PM,CCBER-Admin,-119.881901653,34.4212007720001,-119.881901652629,34.4212007715696
114,Least Sandpiper,1,No,Mud,,,,,,,,,,,,,,,,,,,,,d3fc1566-c822-4abd-9406-5f67752e2e1c,11/19/2021 5:31:20 PM,ccber_user,11/19/2021 6:40:08 PM,CCBER-Admin,-119.882439187,34.4210779580001,-119.882439186529,34.4210779578299
115,Ruby-crowned Kinglet,1,No,Vegetation - Tree,,,,,,733,944,55,,,,,,57,75,Medium,None,,,,cf3139c0-2e1d-4205-9b0c-724843c8268a,11/19/2021 5:31:36 PM,ccber_user,11/19/2021 6:40:08 PM,CCBER-Admin,-119.883353014,34.421647557,-119.883353013922,34.4216475568512
116,Blue-gray Gnatcatcher,1,No,Vegetation - Shrub,,,,,"Steven, Max R.",,,,,,,,,,,,,,,,df41391d-515e-4850-be31-44ae7895976b,11/19/2021 3:35:38 PM,ccber_user,11/19/2021 6:40:08 PM,CCBER-Admin,-119.874481197,34.4176136940001,-119.874481197378,34.4176136935195
117,Cooper's Hawk,1,No,Vegetation - Tree,,,,,,,,,,,,,,,,,,,,,6b144290-8780-4588-ac59-981f75050918,11/19/2021 3:38:05 PM,ccber_user,11/19/2021 6:40:09 PM,CCBER-Admin,-119.876471022,34.4178084050001,-119.876471022326,34.4178084050188
118,California Towhee,2,No,Bare ground,,,,,,,,,,,,,,,,,,,,,04eea3bb-9b15-4826-958f-6ddf6ef232b9,11/19/2021 3:41:14 PM,ccber_user,11/19/2021 6:40:09 PM,CCBER-Admin,-119.876767883,34.41755655,-119.876767883189,34.4175565499298
119,Anna's Hummingbird,1,No,Air,,,,,,,,,,,,,,,,,,,,,5fe7a457-fc60-4aa0-90ec-c0e9ac01704c,11/19/2021 3:42:00 PM,ccber_user,11/19/2021 6:40:09 PM,CCBER-Admin,-119.876969666,34.4175887170001,-119.876969666361,34.4175887169639
120,Yellow-rumped Warbler,3,No,Vegetation - Herbaceous,,,,,,,,,,,,,,,,,,,,,52b9e79d-7f80-482f-96b9-4e65b02d5214,11/19/2021 3:44:28 PM,ccber_user,11/19/2021 6:40:09 PM,CCBER-Admin,-119.877053442,34.418240332,-119.877053442346,34.4182403318405
121,American Pipit,3,No,Vegetation - Shrub,,,,,,,,,,,,,,,,,,,,,05a6c6b8-a409-4bee-a33f-832af7341305,11/19/2021 3:53:46 PM,ccber_user,11/19/2021 6:40:09 PM,CCBER-Admin,-119.877184183,34.418388067,-119.877184183152,34.4183880667883
122,Savannah Sparrow,1,No,Habitat Feature - Snag,,,,,,,,,,,,,,,,,,,,,910df602-3456-43fb-9841-f569287feee0,11/19/2021 3:54:41 PM,ccber_user,11/19/2021 6:40:10 PM,CCBER-Admin,-119.877175617,34.4183827000001,-119.877175616818,34.4183827001102
123,Common Yellowthroat,1,No,Vegetation - Herbaceous,,,,,,,,,,,,,,,,,,,,,b5f7105c-7b81-44b7-b7ef-accbeeeb8f8e,11/19/2021 3:55:42 PM,ccber_user,11/19/2021 6:40:10 PM,CCBER-Admin,-119.87720535,34.4183546,-119.877205350155,34.418354600261
124,Blue-gray Gnatcatcher,1,No,Vegetation - Shrub,,,,,,,,,,,,,,,,,,,,,d1aa4a2a-74b8-4fb9-bc86-2b4d248515f3,11/19/2021 3:58:23 PM,ccber_user,11/19/2021 6:40:10 PM,CCBER-Admin,-119.878575721,34.417689554,-119.878575721138,34.4176895539069
125,White-crowned Sparrow,13,No,Vegetation - Herbaceous,,,,,,,,,,,,,,,,,,,,,8463ef99-280b-4af8-8063-9416ce842bbf,11/19/2021 3:59:33 PM,ccber_user,11/19/2021 6:40:11 PM,CCBER-Admin,-119.878369337,34.417676052,-119.878369336795,34.4176760518775
126,Say's Phoebe,1,No,Vegetation - Herbaceous,,,,,,,,,,,,,,,,,,,,,88c0563e-7822-417c-99a5-1b325182b0e2,11/19/2021 4:00:30 PM,ccber_user,11/19/2021 6:40:11 PM,CCBER-Admin,-119.878241563,34.418348329,-119.878241563124,34.4183483287593
127,Savannah Sparrow,4,No,Vegetation - Herbaceous,,,,,,,,,,,,,,,,,,,,,562368d6-cc2c-4e59-9f41-2e0a054e141a,11/19/2021 4:02:41 PM,ccber_user,11/19/2021 6:40:11 PM,CCBER-Admin,-119.878309867,34.4183023040001,-119.878309867425,34.4183023036442
128,Red-tailed Hawk,1,No,Habitat Feature - Snag,,,,,,,,,,,,,,,,,,,,,1a028322-e4d1-4451-a8f0-22bb1143083a,11/19/2021 4:07:47 PM,ccber_user,11/19/2021 6:40:11 PM,CCBER-Admin,-119.881278937,34.4200375130001,-119.881278936881,34.420037512546
129,Lesser Goldfinch,20,No,Vegetation - Herbaceous,,,,,,,,,,,,,,,,,,,,,fd2e6dc0-5ac0-46f3-a7fd-0aa8f4da0a40,11/19/2021 4:08:36 PM,ccber_user,11/19/2021 6:40:12 PM,CCBER-Admin,-119.880230317,34.4180245380001,-119.88023031728,34.4180245376685
130,Ruby-crowned Kinglet,1,No,Vegetation - Herbaceous,,,,,,,,,,,,,,,,,,,,,70777878-1e8d-4dfc-9203-d566d09d20f5,11/19/2021 4:09:19 PM,ccber_user,11/19/2021 6:40:12 PM,CCBER-Admin,-119.879023338,34.417715081,-119.87902333817,34.4177150810363
131,Bewick's Wren,1,No,Vegetation - Herbaceous,,,,,,,,,,,,,,,,,,,,,412aa2ef-19b7-4503-b47e-a9a213214c1e,11/19/2021 4:09:54 PM,ccber_user,11/19/2021 6:40:12 PM,CCBER-Admin,-119.879264787,34.417691414,-119.879264787352,34.4176914139558
132,Anna's Hummingbird,1,No,Air,,,,,,,,,,,,,,,,,,,,,55d26516-132c-4cea-968a-b22327bcd561,11/19/2021 4:10:49 PM,ccber_user,11/19/2021 6:40:12 PM,CCBER-Admin,-119.879701488,34.4178711820001,-119.879701488056,34.417871181927
133,White-crowned Sparrow,30,No,Vegetation - Herbaceous,,,,,,,,,,,,,,,,,,,,,7e3f79f5-d906-4d8b-957f-1ad4570ffcd3,11/19/2021 4:13:07 PM,ccber_user,11/19/2021 6:40:13 PM,CCBER-Admin,-119.880277915,34.418202496,-119.880277914516,34.4182024960186
134,Yellow-rumped Warbler,1,No,Vegetation - Herbaceous,,,,,,,,,,,,,,,,,,,,,f396d1a7-0eca-4ad3-8227-f5db1494a071,11/19/2021 4:13:44 PM,ccber_user,11/19/2021 6:40:13 PM,CCBER-Admin,-119.8798026,34.4183383500001,-119.879802599729,34.4183383497861
135,American Kestrel,1,No,Fence,,,,,,,,,,,,,,,,,,,,,958db44d-4629-4541-bd6d-01fe71746260,11/19/2021 4:15:14 PM,ccber_user,11/19/2021 6:40:13 PM,CCBER-Admin,-119.88174227,34.419211411,-119.881742269938,34.4192114105796
136,Common Yellowthroat,1,No,Vegetation - Herbaceous,,,,,,,,,,,,,,,,,,,,,e0c7aa70-960d-4f31-a62a-467883b46ebb,11/19/2021 4:15:42 PM,ccber_user,11/19/2021 6:40:13 PM,CCBER-Admin,-119.88052924,34.418273361,-119.880529239776,34.4182733611939
137,Cassin's Kingbird,1,No,Fence,,,,,,,,,,,,,,,,,,,,,07211fbc-0c32-4cb5-9b62-0dcc1e623e61,11/19/2021 4:17:56 PM,ccber_user,11/19/2021 6:40:14 PM,CCBER-Admin,-119.880547513,34.418352671,-119.880547513305,34.4183526705682
138,Hermit Thrush,1,No,Vegetation - Tree,,,,,,,,,,,,,,,,,,,,,442aeacc-4d85-49b9-a6fd-5dcb7aa586d3,11/19/2021 4:18:25 PM,ccber_user,11/19/2021 6:40:14 PM,CCBER-Admin,-119.880977948,34.4182862370001,-119.88097794826,34.4182862369395
139,Bushtit,20,No,Vegetation - Shrub,,,,,,,,,,,,,,,,,,,,,be3aa8ae-d21c-4052-8493-88c389779e8b,11/19/2021 4:19:07 PM,ccber_user,11/19/2021 6:40:14 PM,CCBER-Admin,-119.880566281,34.4180493590001,-119.880566280908,34.4180493592139
140,Yellow-rumped Warbler,2,No,Vegetation - Herbaceous,,,,,,,,,,,,,,,,,,,,,c5e96f75-aa66-4e27-93bb-1c7d282f81f4,11/19/2021 4:23:06 PM,ccber_user,11/19/2021 6:40:14 PM,CCBER-Admin,-119.88043575,34.419233467,-119.880435750308,34.4192334669465
141,Allen's Hummingbird,1,No,Air,,,,,,,,,,,,,,,,,,,,,f9d77f7e-4982-4518-94b0-e4e0dede7239,11/19/2021 4:23:27 PM,ccber_user,11/19/2021 6:40:15 PM,CCBER-Admin,-119.880819848,34.419111276,-119.880819848364,34.4191112757573
142,Song Sparrow,1,No,Vegetation - Herbaceous,,,,,,,,,,,,,,,,,,,,,0593a826-05b7-428e-a951-552720c3997f,11/19/2021 4:25:01 PM,ccber_user,11/19/2021 6:40:15 PM,CCBER-Admin,-119.879993497,34.4195510320001,-119.879993497117,34.4195510315942
143,Yellow-rumped Warbler,12,No,Vegetation - Herbaceous,,,,,,,,,,,,,,,,,,,,,f737b668-e757-4feb-9fc9-24a96980fbf7,11/19/2021 4:29:07 PM,ccber_user,11/19/2021 6:40:15 PM,CCBER-Admin,-119.88031668,34.419808473,-119.880316680413,34.4198084732793
144,Western Meadowlark,20,No,Bare ground,,,,,,,,,,,,,,,,,,,,,ae74811d-99ff-466c-9889-18e602a304b4,11/19/2021 4:29:34 PM,ccber_user,11/19/2021 6:40:15 PM,CCBER-Admin,-119.880034561,34.419949724,-119.880034560905,34.419949723621
145,Red-tailed Hawk,1,No,Habitat Feature - Snag,,,,,,,,,,,,,,,,,,,,,d7a8db2a-f40d-4913-8031-fb51cf4f6f47,11/19/2021 4:30:06 PM,ccber_user,11/19/2021 6:40:15 PM,CCBER-Admin,-119.880440771,34.4207289190001,-119.880440770992,34.4207289186185
146,House Finch,2,No,Vegetation - Herbaceous,,,,,,,,,,,,,,,,,,,,,1415787c-0f5a-4a40-81ee-054d936322f6,11/19/2021 4:30:35 PM,ccber_user,11/19/2021 6:40:16 PM,CCBER-Admin,-119.880078527,34.420671457,-119.88007852715,34.4206714570333
147,Anna's Hummingbird,2,No,Air,,,,,,,,,,,,,,,,,,,,,e463e87f-e72a-4a3e-86f2-e4c58a791741,11/19/2021 4:31:16 PM,ccber_user,11/19/2021 6:40:16 PM,CCBER-Admin,-119.880108792,34.4202400470001,-119.88010879229,34.4202400474127
148,Black Phoebe,1,No,Vegetation - Herbaceous,,,,,,,,,,,,,,,,,,,,,b489ae3e-e770-472c-a710-e324826a394e,11/19/2021 4:32:38 PM,ccber_user,11/19/2021 6:40:16 PM,CCBER-Admin,-119.880483634,34.419885294,-119.880483634106,34.4198852942812
149,Blue-gray Gnatcatcher,1,No,Vegetation - Herbaceous,,,,,,,,,,,,,,,,,,,,,cc479056-cc0e-4339-a5fb-ac8f3dcc74b0,11/19/2021 4:32:59 PM,ccber_user,11/19/2021 6:40:16 PM,CCBER-Admin,-119.880381366,34.419754417,-119.8803813663,34.4197544168677
150,Lesser Goldfinch,2,No,Vegetation - Herbaceous,,,,,,,,,,,,,,,,,,,,,682ebdd3-6b76-4534-aad4-ddd2fb30587f,11/19/2021 4:33:52 PM,ccber_user,11/19/2021 6:40:17 PM,CCBER-Admin,-119.879999439,34.4202014850001,-119.879999439473,34.4202014848012
151,Mourning Dove,2,No,Bare ground,,,,,,,,,,,,,,,,,,,,,e846b26d-161e-4875-aeb3-07a13f0f01de,11/19/2021 4:35:11 PM,ccber_user,11/19/2021 6:40:17 PM,CCBER-Admin,-119.87943355,34.4196907,-119.879433550251,34.4196907002556
152,Savannah Sparrow,40,No,Bare ground,,,,,,,,,,,,,,,,,,,,,f9491ad9-49ee-410e-b1a8-db46df194224,11/19/2021 4:45:27 PM,ccber_user,11/19/2021 6:40:17 PM,CCBER-Admin,-119.877982997,34.419210197,-119.877982997442,34.4192101974941
153,White-crowned Sparrow,7,No,Vegetation - Herbaceous,,,,,,,,,,,,,,,,,,,,,b8bf2e95-e590-4e4e-a0da-1f5d8df7c8e8,11/19/2021 4:45:52 PM,ccber_user,11/19/2021 6:40:17 PM,CCBER-Admin,-119.877829604,34.4192250290001,-119.877829603819,34.4192250294457
154,Yellow-rumped Warbler,10,No,Vegetation - Herbaceous,,,,,,,,,,,,,,,,,,,,,de2922ac-83d7-45f0-966d-7aa032444894,11/19/2021 4:46:28 PM,ccber_user,11/19/2021 6:40:17 PM,CCBER-Admin,-119.877655694,34.4191257470001,-119.877655694472,34.4191257468386
155,Savannah Sparrow,3,No,Vegetation - Herbaceous,,,,,,,,,,,,,,,,,,,,,fe749a72-3a51-4594-9699-fad9b430065d,11/19/2021 4:51:32 PM,ccber_user,11/19/2021 6:40:18 PM,CCBER-Admin,-119.879862782,34.4212529180001,-119.879862782362,34.4212529181689
156,White-crowned Sparrow,10,No,Vegetation - Herbaceous,,,,,,,,,,,,,,,,,,,,,73794962-d9a0-4bb5-9dab-8fdb00496d54,11/19/2021 4:51:50 PM,ccber_user,11/19/2021 6:40:18 PM,CCBER-Admin,-119.879750625,34.421214295,-119.879750625003,34.4212142945195
157,Scaly-breasted Munia,1,No,Vegetation - Herbaceous,,,,,,,,,,,,,,,,,,,,,c16a8377-e763-4cde-9272-6f063dba0fb5,11/19/2021 4:52:40 PM,ccber_user,11/19/2021 6:40:18 PM,CCBER-Admin,-119.879937157,34.4212462510001,-119.879937156579,34.4212462511778
158,Say's Phoebe,1,No,Vegetation - Herbaceous,,,,,,,,,,,,,,,,,,,,,42143d4f-1960-450d-9e74-4aed7ba98662,11/19/2021 4:54:16 PM,ccber_user,11/19/2021 6:40:18 PM,CCBER-Admin,-119.879873858,34.421091238,-119.879873857691,34.4210912384845
159,Blue-gray Gnatcatcher,1,No,Vegetation - Herbaceous,,,,,,,,,,,,,,,,,,,,,3b19887b-1713-4025-ad9e-b3730e8f6636,11/19/2021 4:54:38 PM,ccber_user,11/19/2021 6:40:19 PM,CCBER-Admin,-119.880248778,34.4212989600001,-119.880248777659,34.4212989601855
160,Song Sparrow,2,No,Vegetation - Herbaceous,,,,,,,,,,,,,,,,,,,,,070aa384-0166-4e57-bb3c-b400d07b43af,11/19/2021 4:54:59 PM,ccber_user,11/19/2021 6:40:19 PM,CCBER-Admin,-119.880449543,34.421302444,-119.880449543041,34.4213024437362
161,Black Phoebe,,No,Fence,,,,,,,,,,,,,,,,,,,,,70711d6d-0e3b-4e92-96c2-5409efe97eb8,11/19/2021 4:56:38 PM,ccber_user,11/19/2021 6:40:19 PM,CCBER-Admin,-119.880909107,34.4213781130001,-119.880909106767,34.4213781125574
162,Common Yellowthroat,2,No,Vegetation - Herbaceous,,,,,,,,,,,,,,,,,,,,,51438c13-c785-4f75-aed8-fbe808dede2e,11/19/2021 4:57:05 PM,ccber_user,11/19/2021 6:40:19 PM,CCBER-Admin,-119.881023214,34.421287664,-119.881023214368,34.4212876640247
163,Lincoln's Sparrow,1,No,Vegetation - Herbaceous,,,,,,,,,,,,,,,,,,,,,fe8cf1d1-b6b3-49ae-b63b-bbc988b4f851,11/19/2021 4:59:15 PM,ccber_user,11/19/2021 6:40:19 PM,CCBER-Admin,-119.880865283,34.4213316730001,-119.880865283354,34.4213316726549
164,Blue-gray Gnatcatcher,1,No,Vegetation - Herbaceous,,,,,,,,,,,,,,,,,,,,,4cbd81da-bbce-4e6b-8cd5-de5d1d92006a,11/19/2021 5:04:00 PM,ccber_user,11/19/2021 6:40:20 PM,CCBER-Admin,-119.881976935,34.4208444760001,-119.881976935043,34.4208444759901
165,Anna's Hummingbird,2,No,Vegetation - Tree,,,,,,,,,,,,,,,,,,,,,95996745-b85b-4d53-b6f9-4abdb6c10507,11/19/2021 5:04:24 PM,ccber_user,11/19/2021 6:40:20 PM,CCBER-Admin,-119.88186185,34.420705867,-119.881861850076,34.4207058667038
166,Lincoln's Sparrow,1,No,Vegetation - Herbaceous,,,,,,,,,,,,,,,,,,,,,3e306985-68f2-4b0e-977a-3d02de81afea,11/19/2021 5:04:43 PM,ccber_user,11/19/2021 6:40:20 PM,CCBER-Admin,-119.881871484,34.4207107500001,-119.881871483609,34.4207107500821
167,Common Yellowthroat,1,No,Vegetation - Herbaceous,,,,,,,,,,,,,,,,,,,,,daf56ded-9614-44cc-a857-b9661da4b106,11/19/2021 5:05:12 PM,ccber_user,11/19/2021 6:40:21 PM,CCBER-Admin,-119.882130706,34.420845581,-119.882130705959,34.4208455808619
168,Lesser Goldfinch,5,No,Air,,,,,,,,,,,,,,,,,,,,,8e83bc21-f93c-4440-b47c-0d04dddba0fa,11/19/2021 5:05:53 PM,ccber_user,11/19/2021 6:40:21 PM,CCBER-Admin,-119.881878616,34.4207162500001,-119.881878616232,34.4207162499959
169,Song Sparrow,5,No,Vegetation - Herbaceous,,,,,,,,,,,,,,,,,,,,,98a51737-fe70-4ec2-aa29-4096ebdbeef3,11/19/2021 5:09:12 PM,ccber_user,11/19/2021 6:40:21 PM,CCBER-Admin,-119.882731654,34.420926557,-119.882731653731,34.4209265573296
170,Marsh Wren,1,No,Vegetation - Herbaceous,,,,,,,,,,,,,,,,,,,,,48a7fdb1-747a-4fbe-afe1-df8c9dc39985,11/19/2021 5:09:40 PM,ccber_user,11/19/2021 6:40:21 PM,CCBER-Admin,-119.882599517,34.4208323340001,-119.882599516943,34.4208323335145
171,Black Phoebe,1,No,Vegetation - Herbaceous,,,,,,,,,,,,,,,,,,,,,04c6caee-878b-4057-8d45-9ab32422d435,11/19/2021 5:11:14 PM,ccber_user,11/19/2021 6:40:22 PM,CCBER-Admin,-119.882600051,34.42121561,-119.88260005144,34.4212156098373
172,Scaly-breasted Munia,6,No,Vegetation - Herbaceous,,,,,,,,,,,,,,,,,,,,,95a46b04-a509-4d6c-92cf-ee0dcede261d,11/19/2021 5:11:41 PM,ccber_user,11/19/2021 6:40:22 PM,CCBER-Admin,-119.883040541,34.4211245710001,-119.883040541238,34.4211245712731
173,Yellow-rumped Warbler,3,No,Vegetation - Herbaceous,,,,,,,,,,,,,,,,,,,,,8432c396-2b5d-4118-ab6e-8e92934d09f5,11/19/2021 5:12:04 PM,ccber_user,11/19/2021 6:40:22 PM,CCBER-Admin,-119.882698147,34.421198088,-119.882698147469,34.4211980883209
174,Ruby-crowned Kinglet,1,No,Vegetation - Herbaceous,,,,,,,,,,,,,,,,,,,,,d2bd01fc-b6de-4060-bd64-0102996d5d63,11/19/2021 5:14:14 PM,ccber_user,11/19/2021 6:40:22 PM,CCBER-Admin,-119.883741949,34.4210477230001,-119.883741949405,34.4210477225097
175,Song Sparrow,2,No,Vegetation - Shrub,,,,,,,,,,,,,,,,,,,,,9a7f424a-1521-4d61-9418-2e8e19c4dbb7,11/19/2021 5:14:40 PM,ccber_user,11/19/2021 6:40:22 PM,CCBER-Admin,-119.883739638,34.4212542810001,-119.88373963804,34.4212542809116
176,California Towhee,1,No,Bare ground,,,,,,,,,,,,,,,,,,,,,52f21831-1619-4f0a-84f0-02a56bf24396,11/19/2021 5:15:59 PM,ccber_user,11/19/2021 6:40:23 PM,CCBER-Admin,-119.884141167,34.421198803,-119.884141167006,34.4211988026682
177,White-crowned Sparrow,10,No,Bare ground,,,,,,,,,,,,,,,,,,,,,c3096c57-6c74-4fc1-89b0-a897eaa1df7a,11/19/2021 5:16:23 PM,ccber_user,11/19/2021 6:40:23 PM,CCBER-Admin,-119.884147735,34.421107039,-119.884147735487,34.4211070393631
178,Golden-crowned Sparrow,1,No,Vegetation - Herbaceous,,,,,,,,,,,,,,,,,,,,,e3673763-0435-49c6-bc03-1b657d61139d,11/19/2021 5:17:49 PM,ccber_user,11/19/2021 6:40:23 PM,CCBER-Admin,-119.88407575,34.4212664,-119.88407574989,34.4212664003541
179,House Finch,1,No,Vegetation - Shrub,,,,,,,,,,,,,,,,,,,,,ba224716-9abe-4064-9cdc-16dce650c482,11/19/2021 5:18:13 PM,ccber_user,11/19/2021 6:40:24 PM,CCBER-Admin,-119.884227583,34.420887044,-119.884227583139,34.4208870435561
180,European Starling,1,No,Vegetation - Tree,,,,,,,,,,,,,,,,,,,,,a1e4a9c8-d0ac-459b-999c-15198d071842,11/19/2021 5:21:12 PM,ccber_user,11/19/2021 6:40:24 PM,CCBER-Admin,-119.88459939,34.4212856280001,-119.884599389547,34.4212856284333
181,Scaly-breasted Munia,8,No,Vegetation - Tree,,,,,,,,,,,,,,,,,,,,,06ab1dca-0d25-4d33-a7f6-438e27697455,11/19/2021 5:21:35 PM,ccber_user,11/19/2021 6:40:24 PM,CCBER-Admin,-119.884784018,34.4211432330001,-119.884784017593,34.421143233242
182,White-breasted Nuthatch,1,No,Vegetation - Tree,,,,,,,,,,,,,,,,,,,,,2d787905-b492-45a3-9a07-cf25c665218c,11/19/2021 5:23:15 PM,ccber_user,11/19/2021 6:40:24 PM,CCBER-Admin,-119.883503784,34.4217644990001,-119.883503784464,34.4217644994001
183,Bushtit,20,No,Vegetation - Shrub,,,,,,,,,,,,,,,,,,,,,1b37a0c1-3067-4815-bf7a-f159994ddef3,11/19/2021 5:24:17 PM,ccber_user,11/19/2021 6:40:24 PM,CCBER-Admin,-119.883758981,34.4214264010001,-119.883758981463,34.4214264012844
184,Ruby-crowned Kinglet,1,No,Vegetation - Shrub,,,,,,,,,,,,,,,,,,,,,f92c8af2-2aca-4205-9960-c5096c2a1e26,11/19/2021 5:28:19 PM,ccber_user,11/19/2021 6:40:25 PM,CCBER-Admin,-119.882637283,34.421634033,-119.882637283016,34.4216340332303
