OBJECTID,Species,Count,Repeat Observation,Substrate,Sex,Breeding Activity,Observation Notes,Water Level,Observers,Starting Time,Ending Time,Starting Temp (F),Starting % Cloud Cover,Starting Cloud Height,Starting Wind Speed,Starting Wind Direction,Starting Rain,Ending Temp (F),Ending % Cloud Cover,Ending Cloud Height,Ending Wind Speed,Ending Wind Direction,Ending Rain,Weather Note,GlobalID,CreationDate,Creator,EditDate,Editor,x,y
1,American Coot,16,No,Water - Floating,,,,6.4,Glenn Lisa steven,758,,50,0,,,,,,,,,,,,cc6fea82-614d-4e89-9e35-f56f68a3edcd,1/6/2021 3:57:08 PM,ccber_user,1/6/2021 3:57:08 PM,ccber_user,-119.8742578753,34.4178602914007
2,Least Sandpiper,1,No,Mud,,,,,,,,,,,,,,,,,,,,,f63d204a-7617-4852-a9d9-d6478440d55d,1/6/2021 3:58:13 PM,ccber_user,1/6/2021 3:58:13 PM,ccber_user,-119.87568098817,34.4194731594911
3,Ruddy Duck,3,No,Water - Floating,,,,,,,,,,,,,,,,,,,,,088550ab-df20-4732-aa9f-2d1e56ce0d59,1/6/2021 3:58:33 PM,ccber_user,1/6/2021 3:58:33 PM,ccber_user,-119.87545173272,34.4190413991029
4,Black Phoebe,1,No,Vegetation - Herbaceous,,,,,,,,,,,,,,,,,,,,,113e269f-6ce4-4efb-af0b-8128fc3d4b49,1/6/2021 3:59:04 PM,ccber_user,1/6/2021 3:59:04 PM,ccber_user,-119.874391967721,34.41848117808
5,Cooper's Hawk,1,No,Vegetation - Tree,,,,,,,,,,,,,,,,,,,,,878f4340-f844-410f-82f8-c10da2c3afc9,1/6/2021 4:00:36 PM,ccber_user,1/6/2021 4:00:36 PM,ccber_user,-119.873757193887,34.4200012596468
6,American Crow,35,No,Bare ground,,,,,,,,,,,,,,,,,,,,,95edbdd2-efc2-4198-bdb5-e975a03a4184,1/6/2021 4:02:01 PM,ccber_user,1/6/2021 4:02:01 PM,ccber_user,-119.875829142818,34.4190449672266
7,American Kestrel,1,No,Vegetation - Tree,M,,,,,,,,,,,,,,,,,,,,e8c9b4f9-e772-43d5-a042-644101979a27,1/6/2021 4:04:22 PM,ccber_user,1/6/2021 4:05:18 PM,ccber_user,-119.874008077176,34.4200440788527
8,American Crow,3,No,Air,,,,,,,,,,,,,,,,,,,,,973c45a1-0677-41f1-9974-0d951affa617,1/6/2021 4:06:44 PM,ccber_user,1/6/2021 4:06:44 PM,ccber_user,-119.875227887822,34.4199941234808
9,Mallard,1,No,Water - Floating,,,,,,,,,,,,,,,,,,,,,4926d4a7-9c15-487a-bd93-1a85361b555c,1/6/2021 4:08:01 PM,ccber_user,1/6/2021 4:08:01 PM,ccber_user,-119.875439840822,34.4188308706426
10,American Coot,3,No,Water - Floating,,,,,,,,,,,,,,,,,,,,,a5da90a3-0916-4c6b-af74-20af18ec1229,1/6/2021 4:08:14 PM,ccber_user,1/6/2021 4:08:14 PM,ccber_user,-119.875547980914,34.4189593292516
11,American Wigeon,3,No,Water - Floating,,,,,,,,,,,,,,,,,,,,,6d238d03-ac8e-4bbe-83a7-d60ad20d84af,1/6/2021 4:08:43 PM,ccber_user,1/6/2021 4:08:43 PM,ccber_user,-119.875540688391,34.4190592404609
12,Black Phoebe,1,No,Vegetation - Shrub,,,,,,,,,,,,,,,,,,,,,33c8ee5a-fe2c-45c3-bdac-e482486aed49,1/6/2021 4:08:57 PM,ccber_user,1/6/2021 4:08:57 PM,ccber_user,-119.874450954696,34.4187913640301
13,Cooper's Hawk,1,Yes,Vegetation - Tree,,,,,,,,,,,,,,,,,,,,,ec078172-fd74-4a49-a2ab-240619095fad,1/6/2021 4:09:22 PM,ccber_user,1/6/2021 4:09:22 PM,ccber_user,-119.876419089822,34.4178386266893
14,Ring-billed Gull,1,No,Mud,,,,,,,,,,,,,,,,,,,,,66dd23e8-26d7-496d-abec-3b0496c33be3,1/6/2021 4:09:56 PM,ccber_user,1/6/2021 4:09:56 PM,ccber_user,-119.875458813241,34.4194086756882
15,Ruddy Duck,1,No,Water - Floating,,,,,,,,,,,,,,,,,,,,,45bf5d8c-6400-4233-bdc6-7fd897f7f2b7,1/6/2021 4:10:13 PM,ccber_user,1/6/2021 4:10:13 PM,ccber_user,-119.875545324596,34.4195799521122
16,Mallard,8,No,Air,,,,,,,,,,,,,,,,,,,,,87a6ef66-c11c-4bf5-b423-3dda2b2bad61,1/6/2021 4:10:56 PM,ccber_user,1/6/2021 4:10:56 PM,ccber_user,-119.875895695404,34.4192445358849
17,Killdeer,5,No,Bare ground,,,,,,,,,,,,,,,,,,,,,9d57b334-135b-418c-9283-ab5e81c5cda9,1/6/2021 4:13:02 PM,ccber_user,1/6/2021 4:13:02 PM,ccber_user,-119.875298766695,34.4192302626822
18,Killdeer,5,No,Bare ground,,,,,,,,,,,,,,,,,,,,,e4b2b92f-67ce-4e78-b0a7-b5f161e49072,1/6/2021 4:13:18 PM,ccber_user,1/6/2021 4:13:18 PM,ccber_user,-119.875393929724,34.4194907458395
19,Killdeer,15,No,Bare ground,,,,,,,,,,,,,,,,,,,,,953c841f-05dc-4689-9afb-dc0fd6e644f4,1/6/2021 4:13:59 PM,ccber_user,1/6/2021 4:13:59 PM,ccber_user,-119.875428533727,34.4196834314174
20,Greater Yellowlegs,1,No,Bare ground,,,,,,,,,,,,,,,,,,,,,d0e9ba15-f7b4-4891-94a7-a144026a22e8,1/6/2021 4:14:29 PM,ccber_user,1/6/2021 4:14:29 PM,ccber_user,-119.875143046435,34.420072369321
21,Double-crested Cormorant,3,No,Water - Floating,,,,,,,,,,,,,,,,,,,,,97096f9b-d580-4544-a15c-699fad1f2005,1/6/2021 4:14:44 PM,ccber_user,1/6/2021 4:14:44 PM,ccber_user,-119.87521225534,34.4202258032802
22,Cackling Goose,7,No,Water - Wading,,,,,,,,,,,,,,,,,,,,,cee1e669-603f-408d-b628-838ae5d10147,1/6/2021 4:15:03 PM,ccber_user,1/6/2021 4:15:03 PM,ccber_user,-119.874982999889,34.4203578270729
23,American Wigeon,4,No,Water - Floating,,,,,,,,,,,,,,,,,,,,,1ef8d533-7304-410d-910b-f2d669db6afb,1/6/2021 4:16:03 PM,ccber_user,1/6/2021 4:16:03 PM,ccber_user,-119.875121418596,34.4203417703966
24,Canada Goose,7,No,Water - Wading,,,,,,,,,,,,,,,,,,,,,b1106cd0-b0f6-4073-bbb5-8913bdf3281e,1/6/2021 4:16:38 PM,ccber_user,1/6/2021 4:16:38 PM,ccber_user,-119.874537580137,34.4204737473213
25,Killdeer,6,No,Bare ground,,,,,,,,,,,,,,,,,,,,,6ddee36f-0a4d-47a3-8395-ae4e5985c931,1/6/2021 4:17:32 PM,ccber_user,1/6/2021 4:17:32 PM,ccber_user,-119.874823068328,34.4204880203117
26,Mallard,2,No,Water - Floating,,,,,,,,,,,,,,,,,,,,,745a1d4f-af90-4a8f-a67c-d93fc070f101,1/6/2021 4:17:54 PM,ccber_user,1/6/2021 4:17:54 PM,ccber_user,-119.874658696394,34.4205379753885
27,American Wigeon,6,No,Water - Wading,,,,,,,,,,,,,,,,,,,,,92e7460b-c60e-4d35-bb94-deff645aa15e,1/6/2021 4:18:14 PM,ccber_user,1/6/2021 4:18:14 PM,ccber_user,-119.875013393489,34.4204773153839
28,Gadwall,1,No,Water - Floating,,,,,,,,,,,,,,,,,,,,,35f7be45-1443-4d0e-9fcf-3d7eab6df511,1/6/2021 4:18:30 PM,ccber_user,1/6/2021 4:18:30 PM,ccber_user,-119.874727905298,34.4206343166559
29,American Coot,18,No,Water - Floating,,,,,,,,,,,,,,,,,,,,,b3c1ee06-e507-4551-94cb-6c45ccabadcf,1/6/2021 4:18:48 PM,ccber_user,1/6/2021 4:18:48 PM,ccber_user,-119.875268602166,34.4201169254739
30,Ring-billed Gull,1,No,Bare ground,,,,,,,,,,,,,,,,,,,,,e80f88cd-df26-4e82-9a6c-ea77051d63da,1/6/2021 4:19:10 PM,ccber_user,1/6/2021 4:19:10 PM,ccber_user,-119.875580043583,34.4193675938968
31,Canada Goose,9,No,Water - Floating,,,,,,,,,,,,,,,,,,,,,f771161f-bd28-4e30-9441-5a55f7c75107,1/6/2021 4:21:18 PM,ccber_user,1/6/2021 4:21:18 PM,ccber_user,-119.873659489523,34.4209483183154
32,Mallard,2,No,Water - Floating,,,,,,,,,,,,,,,,,,,,,f0ef68cd-3e69-48d6-a60e-739405abacdd,1/6/2021 4:21:31 PM,ccber_user,1/6/2021 4:21:31 PM,ccber_user,-119.873806559007,34.4209625912248
33,Pied-billed Grebe,1,No,Water - Floating,,,,,,,,,,,,,,,,,,,,,8765d765-58ca-4f0c-b57b-a7a70046c4eb,1/6/2021 4:22:15 PM,ccber_user,1/6/2021 4:22:15 PM,ccber_user,-119.874861998617,34.4203809739357
34,Double-crested Cormorant,3,No,Water - Floating,,,,,,,,,,,,,,,,,,,,,6f5f24ba-4a04-4ef9-918e-e85a23043e05,1/6/2021 4:23:44 PM,ccber_user,1/6/2021 4:23:44 PM,ccber_user,-119.873949303102,34.420794885682
35,Double-crested Cormorant,14,No,Water - Floating,,,,,,,,,,,,,,,,,,,,,0662bf76-b6a5-4435-b1c1-9ce92713ebc5,1/6/2021 4:24:21 PM,ccber_user,1/6/2021 4:24:21 PM,ccber_user,-119.873521070816,34.4209982731172
36,American Pipit,5,No,Bare ground,,,,,,,,,,,,,,,,,,,,,1f7e23b7-0900-4291-9627-77327bba609b,1/6/2021 4:24:38 PM,ccber_user,1/6/2021 4:25:16 PM,ccber_user,-119.874602463653,34.4201454708331
37,American Wigeon,2,No,Water - Floating,,,,,,,,,,,,,,,,,,,,,714bc053-a8da-4a3a-be5a-6dc161a73361,1/6/2021 4:27:48 PM,ccber_user,1/6/2021 4:27:48 PM,ccber_user,-119.873583520796,34.4209990497125
38,Mallard,1,No,Bare ground,,,,,,,,,,,,,,,,,,,,,1b1c1047-105b-455a-94f0-ae4809ed3291,1/6/2021 4:28:22 PM,ccber_user,1/6/2021 4:28:22 PM,ccber_user,-119.873213519104,34.4211843015636
39,Yellow-rumped Warbler,4,No,Vegetation - Tree,,,,,,,,,,,,,,,,,,,,,0e3dc7b7-30da-4c51-97ad-245a66e2e1c4,1/6/2021 4:28:47 PM,ccber_user,1/6/2021 4:28:47 PM,ccber_user,-119.87250159975,34.4205057605809
40,Common Yellowthroat,2,No,Vegetation - Shrub,,,,,,,,,,,,,,,,,,,,,1143cc6d-dba0-46d3-9b81-77f8b86e59a7,1/6/2021 4:29:06 PM,ccber_user,1/6/2021 4:29:06 PM,ccber_user,-119.872816067591,34.420762765825
41,Black Phoebe,1,No,Fence,,,,,,,,,,,,,,,,,,,,,5965704b-6436-4191-a3de-a388aec5e413,1/6/2021 4:31:21 PM,ccber_user,1/6/2021 4:31:33 PM,ccber_user,-119.871875298825,34.4211812685508
42,Anna's Hummingbird,1,No,Air,,,,,,,,,,,,,,,,,,,,,8ca05df8-9c7a-4484-87d5-b2d5a4506773,1/6/2021 4:32:36 PM,ccber_user,1/6/2021 4:32:36 PM,ccber_user,-119.872124253431,34.4212263480167
43,Yellow-rumped Warbler,1,No,Vegetation - Shrub,,,,,,,,,,,,,,,,,,,,,e7de6967-f3ea-403b-9e51-641806cff259,1/6/2021 4:35:44 PM,ccber_user,1/6/2021 4:35:44 PM,ccber_user,-119.871145133789,34.4212363659195
44,Greater Yellowlegs,2,No,Air,,,,,,,,,,,,,,,,,,,,,0a25acb1-eec7-41c0-9704-acbd61f084bd,1/6/2021 4:35:59 PM,ccber_user,1/6/2021 4:35:59 PM,ccber_user,-119.871542853,34.4211687459786
45,Black Phoebe,1,No,Vegetation - Shrub,,,,,,,,,,,,,,,,,,,,,affd9f5b-5dc9-400e-bdba-3f28d8cb1d1e,1/6/2021 4:36:14 PM,ccber_user,1/6/2021 4:36:14 PM,ccber_user,-119.87100244,34.4210335066738
46,Blue-gray Gnatcatcher,1,No,Vegetation - Shrub,,,,,,,,,,,,,,,,,,,,,a29d80d1-6383-43b6-a8b2-d19ac7b77406,1/6/2021 4:37:58 PM,ccber_user,1/6/2021 4:37:58 PM,ccber_user,-119.871718943457,34.4213357060434
47,Blue-gray Gnatcatcher,1,No,Vegetation - Shrub,,,,,,,,,,,,,,,,,,,,,ee5250a9-f957-41f1-adaf-bbe5e53cb1b3,1/6/2021 4:38:13 PM,ccber_user,1/6/2021 4:38:13 PM,ccber_user,-119.870492386463,34.4212730947614
48,Loggerhead Shrike,1,No,Fence,,,,,,,,,,,,,,,,,,,,,170e537c-d7b2-466d-90ee-95228df6ad28,1/6/2021 4:38:42 PM,ccber_user,1/6/2021 4:38:42 PM,ccber_user,-119.872863526486,34.421345723192
49,Rock Pigeon (Feral Pigeon),1,No,Bare ground,,,,,,,,,,,,,,,,,,,,,064810c7-5463-4d75-bcf0-6e91b008f436,1/6/2021 4:40:07 PM,ccber_user,1/6/2021 4:40:07 PM,ccber_user,-119.870723125032,34.4207918793321
50,Killdeer,4,No,Bare ground,,,,,,,,,,,,,,,,,,,,,127ea257-9ada-4242-8c6b-efaccd1026d7,1/6/2021 4:41:11 PM,ccber_user,1/6/2021 4:41:11 PM,ccber_user,-119.870322369515,34.4209796200082
51,Common Yellowthroat,1,No,Vegetation - Herbaceous,,,,,,,,,,,,,,,,,,,,,51ce5281-223b-44e7-8be8-b99dae285edd,1/6/2021 4:42:11 PM,ccber_user,1/6/2021 4:42:11 PM,ccber_user,-119.87091439522,34.4212626218744
52,American Kestrel,1,No,Air,,,,,,,,,,,,,,,,,,,,,9a39f22a-bdaf-488a-88c8-637230440c38,1/6/2021 4:43:42 PM,ccber_user,1/6/2021 4:43:42 PM,ccber_user,-119.872028617888,34.4217785335621
53,Anna's Hummingbird,2,No,Vegetation - Tree,,,,,,,,,,,,,,,,,,,,,b797e281-c24a-480e-9d91-cca33ad80895,1/6/2021 4:45:18 PM,ccber_user,1/6/2021 4:45:18 PM,ccber_user,-119.871491241193,34.4217760289175
54,Bushtit,15,No,Vegetation - Tree,,,,,,,,,,,,,,,,,,,,,747cc649-3ecb-4337-b62d-96379afab59d,1/6/2021 4:45:44 PM,ccber_user,1/6/2021 4:45:44 PM,ccber_user,-119.871401361156,34.4217885506577
55,Red-tailed Hawk,1,No,Air,,,,,,,,,,,,,,,,,,,,,de832984-d21f-47b6-aa6f-f2bca4e63942,1/6/2021 4:47:19 PM,ccber_user,1/6/2021 4:47:19 PM,ccber_user,-119.872193765068,34.4219438243785
56,Blue-gray Gnatcatcher,1,No,Vegetation - Tree,,,,,,,,,,,,,,,,,,,,,61aee581-99ee-4559-b328-87c4684ee3f3,1/6/2021 4:47:57 PM,ccber_user,1/6/2021 4:47:57 PM,ccber_user,-119.871456939024,34.421588197402
57,White-crowned Sparrow,1,No,Bare ground,,,,,,,,,,,,,,,,,,,,,d6c41862-df4d-465b-ab30-dfafab6ef3b3,1/6/2021 4:49:41 PM,ccber_user,1/6/2021 4:49:41 PM,ccber_user,-119.871991280311,34.4215681616795
58,White-crowned Sparrow,8,No,Bare ground,,,,,,,,,,,,,,,,,,,,,84c54cb8-7b32-41cf-ac91-1091fc4a9e02,1/6/2021 4:50:05 PM,ccber_user,1/6/2021 4:50:05 PM,ccber_user,-119.872146117527,34.421771019628
59,Ruby-crowned Kinglet,1,No,Vegetation - Tree,,,,,,,,,,,,,,,,,,,,,b413aaab-bbed-44b4-b133-cbf1fb0d056e,1/6/2021 4:53:05 PM,ccber_user,1/6/2021 4:53:05 PM,ccber_user,-119.871772683372,34.4218025003395
60,Red-tailed Hawk,1,Yes,Vegetation - Tree,,,Repeat Observation changed from No to Yes following survey review.,,,,,,,,,,,,,,,,,,5156962c-8b5a-46ca-a88b-9855b549fa3e,1/6/2021 4:53:39 PM,ccber_user,1/14/2021 6:34:13 PM,CCBER-Admin,-119.872343459429,34.4207867780963
61,Bushtit,15,Yes,Vegetation - Tree,,,,,,,,,,,,,,,,,,,,,aac5c8df-653a-462a-8851-7671f2c7872a,1/6/2021 4:57:48 PM,ccber_user,1/6/2021 4:57:48 PM,ccber_user,-119.872307416325,34.4226744164101
62,Ruby-crowned Kinglet,1,No,Vegetation - Tree,,,,,,,,,,,,,,,,,,,,,d9cfdde8-1ee7-44e5-baba-dd308eec91dd,1/6/2021 4:58:07 PM,ccber_user,1/6/2021 4:58:07 PM,ccber_user,-119.872352956418,34.4223538536261
63,Anna's Hummingbird,2,No,Vegetation - Tree,,,,,,,,,,,,,,,,,,,,,c8ffb3bf-1bd9-4bea-a599-cf643b3678d5,1/6/2021 4:58:25 PM,ccber_user,1/6/2021 4:58:25 PM,ccber_user,-119.872465289846,34.4222661997748
64,House Finch,2,No,Vegetation - Herbaceous,,,,,,,,,,,,,,,,,,,,,a00436a1-5309-4e74-9ec5-fd95b976dcb4,1/6/2021 4:58:58 PM,ccber_user,1/6/2021 4:58:58 PM,ccber_user,-119.873029991495,34.4226618948026
65,White-crowned Sparrow,40,No,Bare ground,,,,,,,,,,,,,,,,,,,,,054fde07-30fc-4bfc-98c5-e1b5d02b3101,1/6/2021 4:59:42 PM,ccber_user,1/6/2021 5:04:44 PM,ccber_user,-119.872934815889,34.4219164556286
66,Ruby-crowned Kinglet,1,No,Vegetation - Tree,,,,,,,,,,,,,,,,,,,,,5091c117-be38-4ae2-98af-de7b891dcc6d,1/6/2021 5:00:16 PM,ccber_user,1/6/2021 5:00:16 PM,ccber_user,-119.873450378793,34.422445349539
67,California Towhee,2,No,Bare ground,,,,,,,,,,,,,,,,,,,,,a4e7b656-4923-40b1-b8e7-689dcf6982a7,1/6/2021 5:05:03 PM,ccber_user,1/6/2021 5:05:03 PM,ccber_user,-119.873035004992,34.4218713765348
68,Common Yellowthroat,,No,Vegetation - Shrub,,,,,,,,,,,,,,,,,,,,,aa9c97d6-a290-4173-8d42-bfaa0bea88a8,1/6/2021 5:06:40 PM,ccber_user,1/6/2021 5:06:40 PM,ccber_user,-119.873484337806,34.4220116230186
69,Scaly-breasted Munia,6,No,Vegetation - Herbaceous,,,,,,,,,,,,,,,,,,,,,52b97854-0548-44cd-9b4a-24a9deb19395,1/6/2021 5:08:21 PM,ccber_user,1/6/2021 5:08:21 PM,ccber_user,-119.873365932665,34.4218638633501
70,Snowy Egret,1,No,Water - Wading,,,,,,,,,,,,,,,,,,,,,c37c6768-c55e-41e8-8817-61ab96c90f6a,1/6/2021 5:09:01 PM,ccber_user,1/6/2021 5:09:01 PM,ccber_user,-119.873502553843,34.4217787128887
71,Black-crowned Night-Heron,1,No,Water - Wading,,,,,,,,,,,,,,,,,,,,,347ae343-f7fc-49ca-875b-7325d78e9d77,1/6/2021 5:09:15 PM,ccber_user,1/6/2021 5:09:15 PM,ccber_user,-119.873454515535,34.4217807729217
72,Say's Phoebe,1,No,Vegetation - Tree,,,,,,,,,,,,,,,,,,,,,1b60fac9-01d2-4c9f-a116-308fdad7a29b,1/6/2021 5:14:43 PM,ccber_user,1/6/2021 5:14:43 PM,ccber_user,-119.872546742788,34.4219661001067
73,White-crowned Sparrow,1,No,Bare ground,,,,,,,,,,,,,,,,,,,,,9b02d575-80d4-4437-9d99-fd1bc816574f,1/6/2021 5:15:03 PM,ccber_user,1/6/2021 5:15:03 PM,ccber_user,-119.8726013909,34.4219285334781
74,Greater Yellowlegs,1,Yes,Water - Wading,,,,,,,,,,,,,,,,,,,,,4c18e74c-b67f-428a-973d-a948d3a7d834,1/6/2021 5:15:30 PM,ccber_user,1/6/2021 5:15:30 PM,ccber_user,-119.872841237487,34.4218154185207
75,Ruby-crowned Kinglet,2,No,Vegetation - Herbaceous,,,,,,,,,,,,,,,,,,,,,329a8120-690f-4e8a-aa3a-ffbd55b9616c,1/6/2021 5:16:12 PM,ccber_user,1/6/2021 5:17:54 PM,ccber_user,-119.872704616309,34.4219982402499
76,Black Phoebe,1,No,Vegetation - Herbaceous,,,,,,,,,,,,,,,,,,,,,9727137d-2929-42df-8a59-4f15cac6e058,1/6/2021 5:19:21 PM,ccber_user,1/6/2021 5:19:21 PM,ccber_user,-119.873238957596,34.4218905503806
77,Anna's Hummingbird,2,No,Flyover,,,,,,,,,,,,,,,,,,,,,729b5a42-02c1-4a7e-ab2e-bd3a6e909bd4,1/6/2021 5:20:34 PM,ccber_user,1/6/2021 5:20:34 PM,ccber_user,-119.873095617019,34.4216524498079
78,Common Yellowthroat,1,No,Vegetation - Herbaceous,,,,,,,,,,,,,,,,,,,,,219320b1-1843-40dd-a830-3c5a79ccbcbf,1/6/2021 5:20:52 PM,ccber_user,1/6/2021 5:20:52 PM,ccber_user,-119.873259562254,34.4217275825551
79,Common Yellowthroat,1,No,Vegetation - Herbaceous,,,,,,,,,,,,,,,,,,,,,4dcdc09d-9060-4066-ad78-8dd5bf40ff14,1/6/2021 5:22:10 PM,ccber_user,1/6/2021 5:22:10 PM,ccber_user,-119.873470522615,34.4215084813117
80,Blue-gray Gnatcatcher,1,No,Vegetation - Herbaceous,,,,,,,,,,,,,,,,,,,,,d12755ea-03b0-4b3f-964f-b15c79c53b91,1/6/2021 5:22:28 PM,ccber_user,1/6/2021 5:22:28 PM,ccber_user,-119.873418922487,34.421420826574
81,Song Sparrow,2,No,Vegetation - Herbaceous,,,,,,,,,,,,,,,,,,,,,9ed6f832-e86f-4862-a702-129319b6d22f,1/6/2021 5:23:39 PM,ccber_user,1/6/2021 5:23:39 PM,ccber_user,-119.873373382394,34.4218340558818
82,Yellow-rumped Warbler,1,No,Vegetation - Herbaceous,,,,,,,,,,,,,,,,,,,,,9ef17f53-ee3c-4914-b6ba-8a29616d198a,1/6/2021 5:23:57 PM,ccber_user,1/6/2021 5:23:57 PM,ccber_user,-119.873768066197,34.4216988176532
83,Mallard,2,No,Water - Floating,,,,,,,,,,,,,,,,,,,,,b4ab2cb7-5e86-4cc0-8710-ee3145e85a8a,1/6/2021 5:24:36 PM,ccber_user,1/6/2021 5:24:36 PM,ccber_user,-119.87340070645,34.4217238618959
84,Allen's Hummingbird,1,No,Vegetation - Tree,,,,,,,,,,,,,,,,,,,,,f1bcceb6-2fdd-4981-aa9a-a7c28a0ad20e,1/6/2021 5:25:37 PM,ccber_user,1/6/2021 5:25:37 PM,ccber_user,-119.873819678901,34.4217338797391
85,House Finch,2,No,Vegetation - Shrub,,,,,,,,,,,,,,,,,,,,,7ab71e08-cec5-4249-b286-23a55439af5c,1/6/2021 5:26:53 PM,ccber_user,1/6/2021 5:26:53 PM,ccber_user,-119.874181713436,34.4215479355098
86,Anna's Hummingbird,3,No,Flyover,,,,,,,,,,,,,,,,,,,,,3af1df02-808e-4eee-9c36-ff169421f39b,1/6/2021 5:27:27 PM,ccber_user,1/6/2021 5:27:27 PM,ccber_user,-119.874442812366,34.4213325552134
87,Anna's Hummingbird,1,No,Flyover,,,,,,,,,,,,,,,,,,,,,3e5d034b-3a71-4386-a5de-0f123a97a708,1/6/2021 5:33:52 PM,ccber_user,1/6/2021 5:33:52 PM,ccber_user,-119.87499398359,34.4213789002644
88,House Finch,1,No,Vegetation - Tree,,,,,,,,,,,,,,,,,,,,,e5a42135-c006-41d0-b530-609abc68f509,1/6/2021 5:34:12 PM,ccber_user,1/6/2021 5:34:12 PM,ccber_user,-119.875144135193,34.4213200326639
89,Black Phoebe,1,No,Fence,,,,,,,,,,,,,,,,,,,,,57ff15fb-aa7f-4575-805e-422411fff7f1,1/6/2021 5:35:26 PM,ccber_user,1/6/2021 5:35:26 PM,ccber_user,-119.874883036263,34.4214101921628
90,Blue-gray Gnatcatcher,1,No,Vegetation - Shrub,,,,,,,,,,,,,,,,,,,,,6673554f-74dc-40e6-93cb-d9a2ed61d9dd,1/6/2021 5:35:50 PM,ccber_user,1/6/2021 5:35:50 PM,ccber_user,-119.875520602959,34.4210620761739
91,Common Yellowthroat,1,No,Vegetation - Shrub,,,,,,,,,,,,,,,,,,,,,b44554d7-ce04-47dd-918c-fefc9af2dd10,1/6/2021 5:36:11 PM,ccber_user,1/6/2021 5:36:11 PM,ccber_user,-119.87572705288,34.4209969607601
92,Ross's Goose,5,No,Bare ground,,,,,,,,,,,,,,,,,,,,,57cf77a1-f2d8-4f1a-b9a8-da53e939d9e6,1/6/2021 5:39:27 PM,ccber_user,1/6/2021 6:13:15 PM,ccber_user,-119.878134135396,34.4209377994442
93,Greater White-fronted Goose,1,No,Bare ground,,,,,,,,,,,,,,,,,,,,,ff420233-9cc7-4864-9dd8-451111b523a8,1/6/2021 5:39:48 PM,ccber_user,1/6/2021 5:39:48 PM,ccber_user,-119.874263196022,34.4211619470785
94,Gadwall,1,Yes,Water - Floating,,,,,,,,,,,,,,,,,,,,,f9fd87d6-5dec-4462-9902-bba9589899a3,1/6/2021 5:40:33 PM,ccber_user,1/6/2021 5:40:33 PM,ccber_user,-119.8766130846,34.4198032793538
95,Black Phoebe,1,No,Bare ground,,,,,,,,,,,,,,,,,,,,,5d923893-51ce-4433-88ea-e1d9f7dbd84e,1/6/2021 5:40:59 PM,ccber_user,1/6/2021 5:42:14 PM,ccber_user,-119.877488140705,34.420313630449
96,Anna's Hummingbird,1,No,Flyover,,,,,,,,,,,,,,,,,,,,,f5d78826-c718-4355-a395-c9ce51a312f1,1/6/2021 5:43:33 PM,ccber_user,1/6/2021 5:43:33 PM,ccber_user,-119.877075239966,34.4208921596063
97,House Finch,1,No,Vegetation - Shrub,,,,,,,,,,,,,,,,,,,,,b9cd3702-250d-4a7b-859e-a00d73524425,1/6/2021 5:44:11 PM,ccber_user,1/6/2021 5:44:11 PM,ccber_user,-119.877023627262,34.4210248952137
98,White-crowned Sparrow,3,No,Vegetation - Shrub,,,,,,,,,,,,,,,,,,,,,b1094a8d-f2d0-40de-a248-2fc6d7be79d2,1/6/2021 5:44:48 PM,ccber_user,1/6/2021 5:44:48 PM,ccber_user,-119.877245257812,34.420852088564
99,Song Sparrow,1,No,Vegetation - Shrub,,,,,,,,,,,,,,,,,,,,,db8c01de-fa8b-4905-ac39-f4c7715e4687,1/6/2021 5:45:28 PM,ccber_user,1/6/2021 5:45:47 PM,ccber_user,-119.877176326487,34.4209639769441
100,Least Sandpiper,1,No,Mud,,,,,,,,,,,,,,,,,,,,,41a975ee-da3b-4c73-891f-bed589e3b5b2,1/6/2021 5:46:13 PM,ccber_user,1/6/2021 5:46:13 PM,ccber_user,-119.876919653556,34.4199571858462
101,Common Yellowthroat,1,No,Vegetation - Shrub,,,,,,,,,,,,,,,,,,,,,50bea5de-af58-438b-bff5-5099d883fdb5,1/6/2021 5:46:46 PM,ccber_user,1/6/2021 5:46:46 PM,ccber_user,-119.87687622091,34.4208714434541
102,White-crowned Sparrow,2,No,Bare ground,,,,,,,,,,,,,,,,,,,,,1a082ecf-2002-40c7-bfd9-d731bdd6bd74,1/6/2021 5:49:18 PM,ccber_user,1/6/2021 5:49:18 PM,ccber_user,-119.877568983691,34.4211595669075
103,Red-shouldered Hawk,1,Yes,Flyover,,,Repeat Observation changed from No to Yes following survey review.,,,,,,,,,,,,,,,,,,7682e225-34e7-4f73-a19b-fde242ad16ad,1/6/2021 5:49:38 PM,ccber_user,1/14/2021 6:33:54 PM,CCBER-Admin,-119.877884182761,34.4210893296035
104,Bewick's Wren,1,No,Vegetation - Tree,,,,,,,,,,,,,,,,,,,,,4bc092ad-ec05-4fa2-92f8-aac7b54431c1,1/6/2021 5:50:31 PM,ccber_user,1/6/2021 5:50:31 PM,ccber_user,-119.877349841474,34.4212921894548
105,American Crow,3,No,Vegetation - Tree,,,,,,,,,,,,,,,,,,,,,431d2d2d-4f84-4b6b-bb81-b1c6018592cf,1/6/2021 5:51:18 PM,ccber_user,1/6/2021 5:51:18 PM,ccber_user,-119.877744525277,34.4213873575554
106,Red-breasted Nuthatch,1,No,Vegetation - Tree,,,,,,,,,,,,,,,,,,,,,0b41afc4-64a0-49fb-b2dc-251e833418b2,1/6/2021 5:51:40 PM,ccber_user,1/6/2021 5:51:40 PM,ccber_user,-119.877453066883,34.4212846754771
107,Greater Yellowlegs,2,No,Mud,,,,,,,,,,,,,,,,,,,,,9694ac84-aa7e-48a7-b8f2-c7a634a77cc1,1/6/2021 5:57:04 PM,ccber_user,1/6/2021 5:59:46 PM,ccber_user,-119.878014732226,34.4208263637969
108,American Wigeon,2,No,Water - Floating,,,,,,,,,,,,,,,,,,,,,e18c54f3-0643-4f23-9414-eb192260591a,1/6/2021 5:57:28 PM,ccber_user,1/6/2021 5:57:28 PM,ccber_user,-119.878029912856,34.4208714434541
109,Pied-billed Grebe,1,No,Water - Floating,,,,,,,,,,,,,,,,,,,,,6374bddd-801e-4229-8124-c0b8d61ba8d2,1/6/2021 5:58:29 PM,ccber_user,1/6/2021 5:58:29 PM,ccber_user,-119.877736616509,34.4212584336085
110,Say's Phoebe,1,No,Fence,,,,,,,,,,,,,,,,,,,,,841eadcd-a5ea-4586-b8f7-0a6c708b2169,1/6/2021 5:59:07 PM,ccber_user,1/6/2021 5:59:07 PM,ccber_user,-119.878209037822,34.4213047112675
111,Black Phoebe,1,No,Vegetation - Tree,,,,,,,,,,,,,,,,,,,,,4b28a6a0-4c2f-4794-972b-fc026f6b27c7,1/6/2021 5:59:33 PM,ccber_user,1/6/2021 5:59:33 PM,ccber_user,-119.878084560968,34.4215351188071
112,Rock Pigeon (Feral Pigeon),7,No,Water - Wading,,,,,,,,,,,,,,,,,,,,,392025cf-20f0-4137-a6c8-933bbaffc56e,1/6/2021 6:03:30 PM,ccber_user,1/6/2021 6:03:30 PM,ccber_user,-119.878842050959,34.4212095430729
113,American Coot,1,No,Water - Floating,,,,,,,,,,,,,,,,,,,,,17c8ccec-1962-439a-b14e-2483db75cb5e,1/6/2021 6:04:47 PM,ccber_user,1/6/2021 6:04:47 PM,ccber_user,-119.87881776231,34.4211794893512
114,Snow Goose,1,No,Bare ground,,,,,,,,,,,,,,,,,,,,,f149a52f-c2fb-4c04-b0b8-97a3c9661f67,1/6/2021 6:13:36 PM,ccber_user,1/6/2021 6:13:36 PM,ccber_user,-119.878098223446,34.4208939832736
115,American Wigeon,6,No,Water - Floating,,,,,"Darwin, Connor, beau ",,,,,,,,,,,,,,,,992aaa89-fd87-47f0-8811-d19bdbea1691,1/6/2021 3:56:57 PM,clark@ccber.ucsb.edu_ucsb,1/6/2021 3:59:18 PM,clark@ccber.ucsb.edu_ucsb,-119.874585755887,34.417891061432
116,Green-winged Teal,2,No,Water - Floating,,,,,,,,,,,,,,,,,,,,,2f9f7a5a-962a-450b-842b-680dc83b943d,1/6/2021 3:57:51 PM,clark@ccber.ucsb.edu_ucsb,1/6/2021 3:57:51 PM,clark@ccber.ucsb.edu_ucsb,-119.874801809696,34.4183098482729
117,Say's Phoebe,1,No,Bare ground,,,,,,,,,,,,,,,,,,,,,7e3e7232-34da-40ab-84bd-92c992a2e2cd,1/6/2021 4:03:27 PM,clark@ccber.ucsb.edu_ucsb,1/6/2021 4:03:27 PM,clark@ccber.ucsb.edu_ucsb,-119.875858223081,34.4176268835744
118,American Crow,60,No,Bare ground,,,,,,,,,,,,,,,,,,,,,59f76eaa-4a23-4c9e-b4e4-cf5a4a87af67,1/6/2021 4:03:42 PM,clark@ccber.ucsb.edu_ucsb,1/6/2021 4:10:45 PM,clark@ccber.ucsb.edu_ucsb,-119.876049531897,34.4190295090613
119,Anna's Hummingbird,2,No,Vegetation - Tree,,,,,,,,,,,,,,,,,,,,,b68aa388-8583-4de7-9737-1a57f81ecd1d,1/6/2021 4:04:01 PM,clark@ccber.ucsb.edu_ucsb,1/6/2021 4:04:01 PM,clark@ccber.ucsb.edu_ucsb,-119.876274798827,34.4176487462025
120,Yellow-rumped Warbler,2,No,Vegetation - Tree,,,,,,,,,,,,,,,,,,,,,dc89753e-5b6b-42bd-a760-170b2e07a6de,1/6/2021 4:08:20 PM,clark@ccber.ucsb.edu_ucsb,1/6/2021 4:08:20 PM,clark@ccber.ucsb.edu_ucsb,-119.876492208194,34.4177848787651
121,Cooper's Hawk,1,No,Flyover,,,,,,,,,,,,,,,,,,,,,bbd6fb11-0ea6-4bb9-b11d-9b2e0deb47b2,1/6/2021 4:12:26 PM,clark@ccber.ucsb.edu_ucsb,1/6/2021 4:12:26 PM,clark@ccber.ucsb.edu_ucsb,-119.877623395546,34.4187998482605
122,Say's Phoebe,1,No,Vegetation - Herbaceous,,,,,,,,,,,,,,,,,,,,,9a67d60c-54e1-4d84-b125-f7fbcc163629,1/6/2021 4:13:35 PM,clark@ccber.ucsb.edu_ucsb,1/6/2021 4:13:35 PM,clark@ccber.ucsb.edu_ucsb,-119.877275017201,34.4185556763759
123,House Finch,6,No,Flyover,,,,,,,,,,,,,,,,,,,,,19674459-d8fa-4a4c-ab1e-15f8af47fa8c,1/6/2021 4:18:17 PM,clark@ccber.ucsb.edu_ucsb,1/6/2021 4:18:17 PM,clark@ccber.ucsb.edu_ucsb,-119.878928755452,34.4179650244724
124,American Kestrel,1,No,Habitat Feature - Snag,,,,,,,,,,,,,,,,,,,,,c1bf5e17-1e5c-4c4d-adc5-53b599b9a31d,1/6/2021 4:19:11 PM,clark@ccber.ucsb.edu_ucsb,1/6/2021 4:19:11 PM,clark@ccber.ucsb.edu_ucsb,-119.881143341579,34.4200640541756
125,Western Meadowlark,10,No,Vegetation - Herbaceous,,,,,,,,,,,,,,,,,,,,,6c2c443d-ec40-44c7-ac1c-7c37ff208640,1/6/2021 4:19:54 PM,clark@ccber.ucsb.edu_ucsb,1/6/2021 4:19:54 PM,clark@ccber.ucsb.edu_ucsb,-119.879007570041,34.4185789519387
126,Burrowing Owl,1,No,Other,,,boulder,,,,,,,,,,,,,,,,,,23d7e48a-6daf-4bb0-ad03-955605326c79,1/6/2021 4:22:19 PM,clark@ccber.ucsb.edu_ucsb,1/6/2021 4:22:19 PM,clark@ccber.ucsb.edu_ucsb,-119.879702897512,34.4181979741265
127,Say's Phoebe,1,No,Vegetation - Herbaceous,,,,,,,,,,,,,,,,,,,,,d049cdf2-9418-4332-8ff4-90e29b266c4f,1/6/2021 4:25:11 PM,clark@ccber.ucsb.edu_ucsb,1/6/2021 4:25:11 PM,clark@ccber.ucsb.edu_ucsb,-119.879749882995,34.4186751420666
128,Red-shouldered Hawk,1,No,Vegetation - Tree,,,,,,,,,,,,,,,,,,,,,ef84d1d3-36d3-42bf-b166-975ff5c13612,1/6/2021 4:26:36 PM,clark@ccber.ucsb.edu_ucsb,1/6/2021 4:26:36 PM,clark@ccber.ucsb.edu_ucsb,-119.884196465498,34.4172233747018
129,Red-tailed Hawk,1,No,Vegetation - Tree,,,,,,,,,,,,,,,,,,,,,9df1c153-b593-47eb-bf9b-5a4695b92fac,1/6/2021 4:26:57 PM,clark@ccber.ucsb.edu_ucsb,1/6/2021 4:26:57 PM,clark@ccber.ucsb.edu_ucsb,-119.884765977625,34.418639509574
130,Killdeer,17,No,Flyover,,,,,,,,,,,,,,,,,,,,,1c3f705e-48f8-4b4f-a522-214f6e5cf7e3,1/6/2021 4:31:52 PM,clark@ccber.ucsb.edu_ucsb,1/6/2021 4:31:52 PM,clark@ccber.ucsb.edu_ucsb,-119.880522841974,34.4192704560326
131,House Finch,2,No,Vegetation - Tree,,,,,,,,,,,,,,,,,,,,,e6844836-84c1-44df-9586-ab7815abbd0c,1/6/2021 4:33:46 PM,clark@ccber.ucsb.edu_ucsb,1/6/2021 4:33:46 PM,clark@ccber.ucsb.edu_ucsb,-119.88183636038,34.4194033224143
132,Yellow-rumped Warbler,1,No,Vegetation - Tree,,,,,,,,,,,,,,,,,,,,,b8da2326-a6a8-4aba-bef2-4a028c4d7d33,1/6/2021 4:33:58 PM,clark@ccber.ucsb.edu_ucsb,1/6/2021 4:33:58 PM,clark@ccber.ucsb.edu_ucsb,-119.880612233328,34.4191368832263
133,Anna's Hummingbird,1,No,Vegetation - Tree,,,,,,,,,,,,,,,,,,,,,16f2eb9c-1c95-46be-a226-3322ee920eab,1/6/2021 4:34:10 PM,clark@ccber.ucsb.edu_ucsb,1/6/2021 4:34:10 PM,clark@ccber.ucsb.edu_ucsb,-119.881797416615,34.4193145035176
134,Common Yellowthroat,1,No,Vegetation - Herbaceous,,,,,,,,,,,,,,,,,,,,,9c3fc331-d6c1-4605-b295-481d338a33f9,1/6/2021 4:36:47 PM,clark@ccber.ucsb.edu_ucsb,1/6/2021 4:36:47 PM,clark@ccber.ucsb.edu_ucsb,-119.882013667155,34.4198304057355
135,Blue-gray Gnatcatcher,1,No,Vegetation - Herbaceous,,,,,,,,,,,,,,,,,,,,,72519922-d3c1-464d-a07f-63e6f7b7822b,1/6/2021 4:45:34 PM,clark@ccber.ucsb.edu_ucsb,1/6/2021 4:45:34 PM,clark@ccber.ucsb.edu_ucsb,-119.878661771658,34.4194407730931
136,Blue-gray Gnatcatcher,4,No,Vegetation - Herbaceous,,,,,,,,,,,,,,,,,,,,,b7129137-0bc1-4159-8dcd-b6d50049c131,1/6/2021 4:48:09 PM,clark@ccber.ucsb.edu_ucsb,1/6/2021 4:49:02 PM,clark@ccber.ucsb.edu_ucsb,-119.877854926429,34.4191881159257
137,Yellow-rumped Warbler,2,No,Vegetation - Tree,,,,,,,,,,,,,,,,,,,,,498748b2-c99e-43ec-8df5-fa062bdac0d7,1/6/2021 4:53:58 PM,clark@ccber.ucsb.edu_ucsb,1/6/2021 4:53:58 PM,clark@ccber.ucsb.edu_ucsb,-119.877563991753,34.4192844935773
138,American Crow,1,No,Vegetation - Tree,,,,,,,,,,,,,,,,,,,,,a7d1d6d8-fcd6-47d8-aa94-94f62b1616f8,1/6/2021 4:54:15 PM,clark@ccber.ucsb.edu_ucsb,1/6/2021 4:54:15 PM,clark@ccber.ucsb.edu_ucsb,-119.877883140715,34.4194380260585
139,Blue-gray Gnatcatcher,2,No,Vegetation - Herbaceous,,,,,,,,,,,,,,,,,,,,,04351937-7ef2-45c6-8c60-59e3565e65bb,1/6/2021 4:55:05 PM,clark@ccber.ucsb.edu_ucsb,1/6/2021 4:55:05 PM,clark@ccber.ucsb.edu_ucsb,-119.877847633007,34.4200427449906
140,Yellow-rumped Warbler,1,No,Vegetation - Herbaceous,,,,,,,,,,,,,,,,,,,,,989ba454-3d45-43ff-a636-5297853acb28,1/6/2021 4:55:19 PM,clark@ccber.ucsb.edu_ucsb,1/6/2021 4:55:19 PM,clark@ccber.ucsb.edu_ucsb,-119.877849923711,34.4201372320214
141,White-crowned Sparrow,2,No,Vegetation - Herbaceous,,,,,,,,,,,,,,,,,,,,,aec3532a-e06a-4c7f-bc35-27fa385fe339,1/6/2021 4:56:22 PM,clark@ccber.ucsb.edu_ucsb,1/6/2021 4:56:22 PM,clark@ccber.ucsb.edu_ucsb,-119.877686129394,34.4202128211244
142,Black Phoebe,1,No,Habitat Feature - Log,,,,,,,,,,,,,,,,,,,,,dcd7563b-ef73-4ac3-84b5-981d22ef6e06,1/6/2021 4:58:21 PM,clark@ccber.ucsb.edu_ucsb,1/6/2021 4:58:21 PM,clark@ccber.ucsb.edu_ucsb,-119.878217800888,34.4204167479641
143,Say's Phoebe,1,No,Vegetation - Herbaceous,,,,,,,,,,,,,,,,,,,,,4e72ecf5-6ed8-4d5a-906b-09c649b151de,1/6/2021 4:58:47 PM,clark@ccber.ucsb.edu_ucsb,1/6/2021 4:58:47 PM,clark@ccber.ucsb.edu_ucsb,-119.878537187904,34.4206899642283
144,American Pipit,5,No,Vegetation - Herbaceous,,,,,,,,,,,,,,,,,,,,,d2a01e5a-8a5b-4285-9117-4d2accdfdbba,1/6/2021 5:04:20 PM,clark@ccber.ucsb.edu_ucsb,1/6/2021 5:04:20 PM,clark@ccber.ucsb.edu_ucsb,-119.879911683951,34.4209488555596
145,Anna's Hummingbird,1,No,Fence,,,,,,,,,,,,,,,,,,,,,d65bcc2d-0fff-4c46-a7a8-d3a57f3925aa,1/6/2021 5:06:36 PM,clark@ccber.ucsb.edu_ucsb,1/6/2021 5:06:36 PM,clark@ccber.ucsb.edu_ucsb,-119.879990934223,34.4214015110853
146,House Finch,2,No,Vegetation - Tree,,,,,,,,,,,,,,,,,,,,,e60a379c-ca0e-42b3-8aec-af045d5cd280,1/6/2021 5:07:10 PM,clark@ccber.ucsb.edu_ucsb,1/6/2021 5:07:10 PM,clark@ccber.ucsb.edu_ucsb,-119.879748628049,34.4216906360531
147,Blue-gray Gnatcatcher,2,No,Vegetation - Herbaceous,,,,,,,,,,,,,,,,,,,,,2be3c4f6-47f2-45f9-aab5-c3f5a42d73a1,1/6/2021 5:07:29 PM,clark@ccber.ucsb.edu_ucsb,1/6/2021 5:07:29 PM,clark@ccber.ucsb.edu_ucsb,-119.879879205362,34.4213032462644
148,Song Sparrow,1,No,Vegetation - Herbaceous,,,,,,,,,,,,,,,,,,,,,e421db0c-ad5f-4317-a8b4-f3ac58464d8c,1/6/2021 5:07:49 PM,clark@ccber.ucsb.edu_ucsb,1/6/2021 5:07:49 PM,clark@ccber.ucsb.edu_ucsb,-119.88018388516,34.4210273480089
149,Cooper's Hawk,1,No,Vegetation - Tree,,,,,,,,,,,,,,,,,,,,,7d53e65b-b852-47c6-ab6b-506bb3dd4db0,1/6/2021 5:09:00 PM,clark@ccber.ucsb.edu_ucsb,1/6/2021 5:09:00 PM,clark@ccber.ucsb.edu_ucsb,-119.880596233435,34.4220326708639
150,Song Sparrow,1,No,Vegetation - Tree,,,,,,,,,,,,,,,,,,,,,32d1599e-deda-4979-8ebd-fd77aa3992fe,1/6/2021 5:09:12 PM,clark@ccber.ucsb.edu_ucsb,1/6/2021 5:09:12 PM,clark@ccber.ucsb.edu_ucsb,-119.88136651274,34.4210311079736
151,Common Yellowthroat,1,No,Vegetation - Herbaceous,,,,,,,,,,,,,,,,,,,,,df796cc5-72e1-48db-aef1-6a8c2d777da3,1/6/2021 5:09:50 PM,clark@ccber.ucsb.edu_ucsb,1/6/2021 5:09:50 PM,clark@ccber.ucsb.edu_ucsb,-119.881288514719,34.4212892987224
152,Rock Pigeon (Feral Pigeon),3,No,Building,,,,,,,,,,,,,,,,,,,,,b6073fab-5da0-4c12-8ffc-e1dc70f80dd1,1/6/2021 5:10:51 PM,clark@ccber.ucsb.edu_ucsb,1/6/2021 5:10:51 PM,clark@ccber.ucsb.edu_ucsb,-119.882153587846,34.4219372419185
153,Song Sparrow,1,No,Vegetation - Herbaceous,,,,,,,,,,,,,,,,,,,,,e437e132-9726-46e7-abea-d3b810fecd75,1/6/2021 5:12:49 PM,clark@ccber.ucsb.edu_ucsb,1/6/2021 5:12:49 PM,clark@ccber.ucsb.edu_ucsb,-119.881062643222,34.4213104734645
154,Marsh Wren,2,No,Vegetation - Herbaceous,,,,,,,,,,,,,,,,,,,,,7da0a369-be1a-42a9-883e-37e207242da0,1/6/2021 5:13:04 PM,clark@ccber.ucsb.edu_ucsb,1/6/2021 5:16:52 PM,clark@ccber.ucsb.edu_ucsb,-119.881499020532,34.4212067175477
155,Anna's Hummingbird,1,No,Vegetation - Tree,,,,,,,,,,,,,,,,,,,,,07a4f81c-1c46-443a-b5f7-0ac7e793011f,1/6/2021 5:13:52 PM,clark@ccber.ucsb.edu_ucsb,1/6/2021 5:13:52 PM,clark@ccber.ucsb.edu_ucsb,-119.881496454046,34.4210119094768
156,Yellow-rumped Warbler,3,No,Vegetation - Tree,,,,,,,,,,,,,,,,,,,,,1e77f1fb-2b0e-4637-bfc1-2b4cd6eee827,1/6/2021 5:14:18 PM,clark@ccber.ucsb.edu_ucsb,1/6/2021 5:22:45 PM,clark@ccber.ucsb.edu_ucsb,-119.881437933297,34.4210749663107
157,White-crowned Sparrow,1,No,Vegetation - Tree,,,,,,,,,,,,,,,,,,,,,f4bd6a72-092b-4c7d-a8e9-d6999c1df9aa,1/6/2021 5:17:55 PM,clark@ccber.ucsb.edu_ucsb,1/6/2021 5:17:55 PM,clark@ccber.ucsb.edu_ucsb,-119.881364031593,34.4210934230267
158,Killdeer,10,Yes,Flyover,,,,,,,,,,,,,,,,,,,,,638df530-7bae-474d-9222-75cc8e7d2069,1/6/2021 5:18:58 PM,clark@ccber.ucsb.edu_ucsb,1/6/2021 5:18:58 PM,clark@ccber.ucsb.edu_ucsb,-119.881769606571,34.4205958149906
159,Bushtit,10,No,Vegetation - Shrub,,,,,,,,,,,,,,,,,,,,,227e888c-0b2b-4c02-84cc-d9a2bad78220,1/6/2021 5:20:00 PM,clark@ccber.ucsb.edu_ucsb,1/6/2021 5:20:00 PM,clark@ccber.ucsb.edu_ucsb,-119.882039134394,34.4208795028649
160,Ruby-crowned Kinglet,1,No,Vegetation - Tree,,,,,,,,,,,,,,,,,,,,,18ec4eee-58a9-4115-adba-b37a8b1b869f,1/6/2021 5:21:52 PM,clark@ccber.ucsb.edu_ucsb,1/6/2021 5:21:52 PM,clark@ccber.ucsb.edu_ucsb,-119.881292158285,34.4210658413242
161,Common Yellowthroat,1,No,Vegetation - Tree,,,,,,,,,,,,,,,,,,,,,f4b22f9a-628e-4fcb-bbd4-36c098d1a6b9,1/6/2021 5:23:03 PM,clark@ccber.ucsb.edu_ucsb,1/6/2021 5:23:03 PM,clark@ccber.ucsb.edu_ucsb,-119.881433933099,34.4209620851039
162,European Starling,2,No,Flyover,,,,,,,,,,,,,,,,,,,,,fdad458f-d3ae-4653-aec5-d96312d6eb46,1/6/2021 5:23:21 PM,clark@ccber.ucsb.edu_ucsb,1/6/2021 5:23:21 PM,clark@ccber.ucsb.edu_ucsb,-119.882288720516,34.4208265660974
163,Song Sparrow,5,No,Vegetation - Herbaceous,,,,,,,,,,,,,,,,,,,,,42dbd1da-5b87-4a10-abef-36c8c2f746be,1/6/2021 5:24:08 PM,clark@ccber.ucsb.edu_ucsb,1/6/2021 5:24:08 PM,clark@ccber.ucsb.edu_ucsb,-119.88226397193,34.4208999188992
164,Common Yellowthroat,1,No,Vegetation - Herbaceous,,,,,,,,,,,,,,,,,,,,,f48d0a91-6fc2-4393-899b-c63cfaeb307d,1/6/2021 5:24:19 PM,clark@ccber.ucsb.edu_ucsb,1/6/2021 5:24:19 PM,clark@ccber.ucsb.edu_ucsb,-119.882605373958,34.4208787440532
165,Greater Yellowlegs,1,No,Water - Wading,,,,,,,,,,,,,,,,,,,,,eb6d88ce-fcc8-4257-852b-d6256fb75b45,1/6/2021 5:24:44 PM,clark@ccber.ucsb.edu_ucsb,1/6/2021 5:24:44 PM,clark@ccber.ucsb.edu_ucsb,-119.881893171635,34.4212758706356
166,Anna's Hummingbird,1,No,Vegetation - Shrub,,,,,,,,,,,,,,,,,,,,,8eb8a3ed-0131-4430-9276-cc80ab6a8073,1/6/2021 5:25:18 PM,clark@ccber.ucsb.edu_ucsb,1/6/2021 5:25:18 PM,clark@ccber.ucsb.edu_ucsb,-119.882314213805,34.4206257510984
167,White-crowned Sparrow,1,No,Vegetation - Herbaceous,,,,,,,,,,,,,,,,,,,,,b55e0463-32f7-4421-8852-236d35eaf37e,1/6/2021 5:26:07 PM,clark@ccber.ucsb.edu_ucsb,1/6/2021 5:26:07 PM,clark@ccber.ucsb.edu_ucsb,-119.882303566972,34.4207651830587
168,Tropical Kingbird,1,No,Vegetation - Shrub,,,,,,,,,,,,,,,,,,,,,c471e2aa-08d2-49f9-9a39-9279d4dd0d57,1/6/2021 5:26:24 PM,clark@ccber.ucsb.edu_ucsb,1/6/2021 5:40:26 PM,clark@ccber.ucsb.edu_ucsb,-119.882907173758,34.4209687832406
169,Yellow-rumped Warbler,3,No,Vegetation - Herbaceous,,,,,,,,,,,,,,,,,,,,,20d0f943-418f-4baf-b480-f3a57aa194b0,1/6/2021 5:27:06 PM,clark@ccber.ucsb.edu_ucsb,1/6/2021 5:27:06 PM,clark@ccber.ucsb.edu_ucsb,-119.882497161103,34.4208940981328
170,Say's Phoebe,1,No,Fence,,,,,,,,,,,,,,,,,,,,,11b9210d-3fc7-4ba9-9ccf-11de99383ba3,1/6/2021 5:29:48 PM,clark@ccber.ucsb.edu_ucsb,1/6/2021 5:29:48 PM,clark@ccber.ucsb.edu_ucsb,-119.882594703769,34.4214382887621
171,Cassin's Kingbird,1,No,Vegetation - Shrub,,,,,,,,,,,,,,,,,,,,,c0a7e9c5-e6d4-4ced-a52c-983d1735bbaf,1/6/2021 5:30:34 PM,clark@ccber.ucsb.edu_ucsb,1/6/2021 5:30:34 PM,clark@ccber.ucsb.edu_ucsb,-119.883882188099,34.4218754565813
172,Bushtit,5,No,Vegetation - Herbaceous,,,,,,,,,,,,,,,,,,,,,d5bfd08c-8975-4534-8e3e-1a7915de946a,1/6/2021 5:30:53 PM,clark@ccber.ucsb.edu_ucsb,1/6/2021 5:30:53 PM,clark@ccber.ucsb.edu_ucsb,-119.883227620786,34.4211915161766
173,Bewick's Wren,1,No,Vegetation - Herbaceous,,,,,,,,,,,,,,,,,,,,,ebe7e8b9-c1c9-4663-bf4e-e6876ac876ab,1/6/2021 5:32:58 PM,clark@ccber.ucsb.edu_ucsb,1/6/2021 5:32:58 PM,clark@ccber.ucsb.edu_ucsb,-119.883479180507,34.4208378971487
174,House Finch,6,No,Vegetation - Tree,,,,,,,,,,,,,,,,,,,,,a0c70270-4fed-4089-a358-d0ddcf71dcbc,1/6/2021 5:37:46 PM,clark@ccber.ucsb.edu_ucsb,1/6/2021 5:37:46 PM,clark@ccber.ucsb.edu_ucsb,-119.884181235461,34.4207076725905
175,Ruby-crowned Kinglet,1,No,Vegetation - Tree,,,,,,,,,,,,,,,,,,,,,96be6bd1-f7b1-4e63-a9cf-7daec37831e7,1/6/2021 5:38:00 PM,clark@ccber.ucsb.edu_ucsb,1/6/2021 5:38:00 PM,clark@ccber.ucsb.edu_ucsb,-119.884117694926,34.4206203334329
176,White-crowned Sparrow,3,No,Vegetation - Herbaceous,,,,,,,,,,,,,,,,,,,,,6137c481-911c-4b88-87e0-b913fbb4b95e,1/6/2021 5:38:41 PM,clark@ccber.ucsb.edu_ucsb,1/6/2021 5:38:41 PM,clark@ccber.ucsb.edu_ucsb,-119.884038119463,34.4210480648635
177,Northern Flicker,1,No,Vegetation - Tree,,,,,,,,,,,,,,,,,,,,,fbca8a32-7b37-4bec-8e3e-4c138f48553d,1/6/2021 5:38:51 PM,clark@ccber.ucsb.edu_ucsb,1/6/2021 5:38:51 PM,clark@ccber.ucsb.edu_ucsb,-119.884380317399,34.4208991845416
178,Anna's Hummingbird,1,No,Vegetation - Tree,,,,,,,,,,,,,,,,,,,,,d02d6496-963d-4322-974e-b3fbf7bb8ce2,1/6/2021 5:39:17 PM,clark@ccber.ucsb.edu_ucsb,1/6/2021 5:39:37 PM,clark@ccber.ucsb.edu_ucsb,-119.884293250885,34.4207931383384
179,Common Yellowthroat,2,No,Vegetation - Herbaceous,,,,,,,,,,,,,,,,,,,,,a2fdf009-c290-4096-96fc-7d5c2805307b,1/6/2021 5:39:29 PM,clark@ccber.ucsb.edu_ucsb,1/6/2021 5:39:29 PM,clark@ccber.ucsb.edu_ucsb,-119.884095597268,34.421237808693
180,Blue-gray Gnatcatcher,1,No,Vegetation - Herbaceous,,,,,,,,,,,,,,,,,,,,,0d26d650-d5cd-441d-9a1a-8ae6f605b80a,1/6/2021 5:41:02 PM,clark@ccber.ucsb.edu_ucsb,1/6/2021 5:41:02 PM,clark@ccber.ucsb.edu_ucsb,-119.884193419311,34.4211022901335
181,Scaly-breasted Munia,5,No,Vegetation - Herbaceous,,,,,,,,,,,,,,,,,,,,,1189907d-5438-4e80-9683-d7e1c6c9e253,1/6/2021 5:41:28 PM,clark@ccber.ucsb.edu_ucsb,1/6/2021 5:41:28 PM,clark@ccber.ucsb.edu_ucsb,-119.883887954385,34.4213140370452
182,Black Phoebe,1,No,Vegetation - Herbaceous,,,,,,,,,,,,,,,,,,,,,580e74d3-f6bf-4d8f-97e7-9d067df76906,1/6/2021 5:46:04 PM,clark@ccber.ucsb.edu_ucsb,1/6/2021 5:46:04 PM,clark@ccber.ucsb.edu_ucsb,-119.882802142735,34.4217587046296
183,Mallard,6,No,Water - Floating,,,,,,,,,,,,,,,,,,,,,03a203d1-0ad1-474a-950f-2b021c3e7b76,1/6/2021 5:46:58 PM,clark@ccber.ucsb.edu_ucsb,1/6/2021 5:46:58 PM,clark@ccber.ucsb.edu_ucsb,-119.882373465783,34.421237808693
184,Canada Goose,2,No,Water - Floating,,,,,,,,,,,,,,,,,,,,,66297c07-51b7-47d1-a061-27eb6c1ef9cc,1/6/2021 5:47:19 PM,clark@ccber.ucsb.edu_ucsb,1/6/2021 5:47:19 PM,clark@ccber.ucsb.edu_ucsb,-119.881074599798,34.4215977773182
185,Mallard,11,No,Water - Floating,,,,,,,,,,,,,,,,,,,,,d3788cd0-c497-414c-8fc2-58a70183c61c,1/6/2021 5:47:36 PM,clark@ccber.ucsb.edu_ucsb,1/6/2021 5:47:36 PM,clark@ccber.ucsb.edu_ucsb,-119.881195245338,34.4215914252885
186,Pied-billed Grebe,1,No,Water - Floating,,,,,,,,,,,,,,,,,,,,,fc3e5d30-bd90-4e50-81c6-fbefc6b8fe3d,1/6/2021 5:47:55 PM,clark@ccber.ucsb.edu_ucsb,1/6/2021 5:47:55 PM,clark@ccber.ucsb.edu_ucsb,-119.881172142465,34.4216676540593
187,Common Yellowthroat,1,No,Vegetation - Herbaceous,,,,,,,,,,,,,,,,,,,,,41d2b272-4bba-400f-b429-7b05bf0fdb69,1/6/2021 5:52:17 PM,clark@ccber.ucsb.edu_ucsb,1/6/2021 5:52:17 PM,clark@ccber.ucsb.edu_ucsb,-119.882258933279,34.4216687996764
188,Black Phoebe,1,No,Vegetation - Herbaceous,,,,,,,,,,,,,,,,,,,,,ea523d07-8308-4fd6-9b89-a5b87c450422,1/6/2021 5:52:43 PM,clark@ccber.ucsb.edu_ucsb,1/6/2021 5:52:43 PM,clark@ccber.ucsb.edu_ucsb,-119.881562315827,34.4220678528545
189,Yellow-rumped Warbler,3,No,Vegetation - Tree,,,,,,,,,,,,,,,,,,,,,b709e366-e90d-4df8-91a7-bfa36174c525,1/6/2021 5:53:09 PM,clark@ccber.ucsb.edu_ucsb,1/6/2021 5:53:09 PM,clark@ccber.ucsb.edu_ucsb,-119.881662866054,34.4220869095746
190,Ruby-crowned Kinglet,1,No,Vegetation - Shrub,,,,,,,,,,,,,,,,,,,,,ac41d9d9-9cd4-4135-9b42-1d6e3b8aa25f,1/6/2021 5:53:31 PM,clark@ccber.ucsb.edu_ucsb,1/6/2021 5:53:31 PM,clark@ccber.ucsb.edu_ucsb,-119.881150641289,34.4221537106915
191,Allen's Hummingbird,1,No,Vegetation - Tree,,,,,,,,,,,,,,,,,,,,,b688146d-4599-4508-9c83-91a717b2a88c,1/6/2021 5:53:56 PM,clark@ccber.ucsb.edu_ucsb,1/6/2021 5:53:56 PM,clark@ccber.ucsb.edu_ucsb,-119.880899081568,34.4222087636995
192,Anna's Hummingbird,1,No,Vegetation - Herbaceous,,,,,,,,,,,,,,,,,,,,,ce1585ae-854e-40ac-b6c7-8f4a092232fa,1/6/2021 5:54:09 PM,clark@ccber.ucsb.edu_ucsb,1/6/2021 5:54:09 PM,clark@ccber.ucsb.edu_ucsb,-119.88077073567,34.4221134787123
193,House Finch,6,No,Vegetation - Shrub,,,,,,,,,,,,,,,,,,,,,e010000d-e301-466f-b883-ffeaef57cea5,1/6/2021 5:55:48 PM,clark@ccber.ucsb.edu_ucsb,1/6/2021 5:55:48 PM,clark@ccber.ucsb.edu_ucsb,-119.88051917595,34.4218403278631
194,Blue-gray Gnatcatcher,3,No,Vegetation - Shrub,,,,,,,,,,,,,,,,,,,,,0f17c84a-a6f0-4a62-8976-6a8a671cdcbd,1/6/2021 5:56:05 PM,clark@ccber.ucsb.edu_ucsb,1/6/2021 5:56:05 PM,clark@ccber.ucsb.edu_ucsb,-119.880511475591,34.4219123207487
195,Least Sandpiper,1,No,Mud,,,,,,,,,,,,,,,,,,,,,c3850e9c-b908-4a69-a5dd-cba8993f9581,1/6/2021 5:58:19 PM,clark@ccber.ucsb.edu_ucsb,1/6/2021 5:58:19 PM,clark@ccber.ucsb.edu_ucsb,-119.880830800624,34.4215924367818
196,Rock Pigeon (Feral Pigeon),11,No,Building,,,,,,,,,,,,,,,,,,,,,95c8c6cf-7873-45d7-99e9-b86f55ea8fe8,1/6/2021 5:58:54 PM,clark@ccber.ucsb.edu_ucsb,1/6/2021 5:58:54 PM,clark@ccber.ucsb.edu_ucsb,-119.879834646229,34.4216916475452
197,Song Sparrow,1,No,Vegetation - Herbaceous,,,,,,,,,,,,,,,,,,,,,c792a4b3-8df2-4db6-9b81-c85746699ad9,1/6/2021 5:59:22 PM,clark@ccber.ucsb.edu_ucsb,1/6/2021 5:59:22 PM,clark@ccber.ucsb.edu_ucsb,-119.879594105243,34.4216161612988
198,Say's Phoebe,1,No,Fence,,,,,,,,,,,,,,,,,,,,,30683271-48d1-4cc5-b3b7-5713c03444b8,1/6/2021 5:59:52 PM,clark@ccber.ucsb.edu_ucsb,1/6/2021 5:59:52 PM,clark@ccber.ucsb.edu_ucsb,-119.879327418792,34.4213832300596
199,Anna's Hummingbird,3,No,Vegetation - Herbaceous,,,,,,,,,,,,,,,,,,,,,1281853c-9df0-4219-9a6a-4b1c1d8926fc,1/6/2021 6:00:36 PM,clark@ccber.ucsb.edu_ucsb,1/6/2021 6:00:36 PM,clark@ccber.ucsb.edu_ucsb,-119.878950919585,34.4212861753086
200,Mallard,3,No,Water - Wading,,,,,,,,,,,,,,,,,,,,,a96179d0-88fc-4ebf-9fee-cdd40789641e,1/6/2021 6:02:16 PM,clark@ccber.ucsb.edu_ucsb,1/6/2021 6:02:16 PM,clark@ccber.ucsb.edu_ucsb,-119.878906471843,34.4215277337889
201,Pied-billed Grebe,2,No,Water - Floating,,,,,,,,,,,,,,,,,,,,,28744b1c-3808-4273-bd49-db0441c42820,1/6/2021 6:03:04 PM,clark@ccber.ucsb.edu_ucsb,1/6/2021 6:03:04 PM,clark@ccber.ucsb.edu_ucsb,-119.878893399559,34.4214716577224
202,White-tailed Kite,1,No,Air,,,,,,,,,,,,,,,,,,,,,fdd25337-72d9-4865-a9a5-3ff065d57c1a,1/6/2021 6:04:53 PM,clark@ccber.ucsb.edu_ucsb,1/6/2021 6:04:53 PM,clark@ccber.ucsb.edu_ucsb,-119.880947531305,34.4195787938688
203,,1,No,,,,cat,,,,,,,,,,,,,,,,,,8f5b4ce2-7b5a-452d-be0e-d93bc7d3e655,1/6/2021 6:05:31 PM,clark@ccber.ucsb.edu_ucsb,1/6/2021 6:05:31 PM,clark@ccber.ucsb.edu_ucsb,-119.878785306179,34.4215108192344
204,California Towhee,1,No,,,,Observation added after survey review.,,"WEST: Darwin, Beau, Conor",,,,,,,,,,,,,,,,77a4d426-2116-4a30-addd-89ea2fe7df96,1/7/2021 11:58:28 PM,CCBER-Admin,1/8/2021 12:01:38 AM,CCBER-Admin,-119.880382638929,34.4181220755184
205,Sora,2,No,,,,Reported by Lisa at end of survey - seen in Phelps Creek.,,"EAST: Lisa, Glenn, Steven",,,,,,,,,,,,,,,,f7559ba7-26df-4674-88dc-155561855a94,1/7/2021 11:59:19 PM,CCBER-Admin,1/14/2021 6:34:51 PM,CCBER-Admin,-119.878875237463,34.4212927392146
